date,censoring,Share_of_Blocks
2022-09-16,non-censoring,90.23818820773135
2022-09-16,censoring,9.761811792268645
2022-09-17,non-censoring,84.71964616921102
2022-09-17,censoring,15.280353830788988
2022-09-18,non-censoring,83.44907407407408
2022-09-18,censoring,16.550925925925927
2022-09-19,non-censoring,82.3111497752646
2022-09-19,censoring,17.688850224735393
2022-09-20,non-censoring,82.5891562771818
2022-09-20,censoring,17.41084372281821
2022-09-21,non-censoring,79.70609845701689
2022-09-21,censoring,20.2939015429831
2022-09-22,non-censoring,75.78593361602573
2022-09-22,censoring,24.214066383974263
2022-09-23,non-censoring,79.22857571664416
2022-09-23,censoring,20.771424283355845
2022-09-24,non-censoring,76.27777777777777
2022-09-24,censoring,23.72222222222222
2022-09-25,non-censoring,75.89223718927927
2022-09-25,censoring,24.107762810720736
2022-09-26,non-censoring,74.52308542991429
2022-09-26,censoring,25.476914570085707
2022-09-27,non-censoring,74.64008859357698
2022-09-27,censoring,25.359911406423034
2022-09-28,non-censoring,74.49860724233983
2022-09-28,censoring,25.50139275766017
2022-09-29,non-censoring,73.10969836331665
2022-09-29,censoring,26.89030163668335
2022-09-30,non-censoring,69.46926617925806
2022-09-30,censoring,30.530733820741947
2022-10-01,non-censoring,68.72638963842418
2022-10-01,censoring,31.27361036157582
2022-10-02,non-censoring,68.50914205344584
2022-10-02,censoring,31.49085794655415
2022-10-03,non-censoring,66.93502824858757
2022-10-03,censoring,33.06497175141243
2022-10-04,non-censoring,65.30930760499433
2022-10-04,censoring,34.69069239500568
2022-10-05,non-censoring,65.97202797202797
2022-10-05,censoring,34.02797202797203
2022-10-06,non-censoring,65.04121838759256
2022-10-06,censoring,34.958781612407435
2022-10-07,non-censoring,63.419761737911706
2022-10-07,censoring,36.5802382620883
2022-10-08,non-censoring,63.62105263157895
2022-10-08,censoring,36.37894736842105
2022-10-09,non-censoring,65.5055225148683
2022-10-09,censoring,34.49447748513169
2022-10-10,non-censoring,66.07168356418678
2022-10-10,censoring,33.92831643581322
2022-10-11,non-censoring,63.931161996871
2022-10-11,censoring,36.068838003129
2022-10-12,non-censoring,62.15223838440899
2022-10-12,censoring,37.84776161559102
2022-10-13,non-censoring,62.324393358876115
2022-10-13,censoring,37.675606641123885
2022-10-14,non-censoring,58.54002254791432
2022-10-14,censoring,41.45997745208568
2022-10-15,non-censoring,58.031959629941134
2022-10-15,censoring,41.96804037005887
2022-10-16,non-censoring,61.35871916919082
2022-10-16,censoring,38.64128083080917
2022-10-17,non-censoring,57.45393634840871
2022-10-17,censoring,42.54606365159129
2022-10-18,non-censoring,56.31637786472889
2022-10-18,censoring,43.6836221352711
2022-10-19,non-censoring,54.26530326376243
2022-10-19,censoring,45.73469673623757
2022-10-20,non-censoring,56.24912526242127
2022-10-20,censoring,43.75087473757873
2022-10-21,non-censoring,53.58142137660884
2022-10-21,censoring,46.41857862339116
2022-10-22,non-censoring,55.56327267676067
2022-10-22,censoring,44.43672732323934
2022-10-23,non-censoring,67.99286596240911
2022-10-23,censoring,32.00713403759089
2022-10-24,non-censoring,58.743961352657
2022-10-24,censoring,41.256038647343
2022-10-25,non-censoring,58.828440239321
2022-10-25,censoring,41.171559760679
2022-10-26,non-censoring,55.485028287567275
2022-10-26,censoring,44.51497171243273
2022-10-27,non-censoring,49.693080357142854
2022-10-27,censoring,50.30691964285714
2022-10-28,non-censoring,50.19476905954369
2022-10-28,censoring,49.80523094045632
2022-10-29,non-censoring,46.54096769721336
2022-10-29,censoring,53.45903230278664
2022-10-30,non-censoring,54.891977432227876
2022-10-30,censoring,45.108022567772124
2022-10-31,non-censoring,54.99242528577331
2022-10-31,censoring,45.00757471422669
2022-11-01,non-censoring,47.935938147176586
2022-11-01,censoring,52.064061852823414
2022-11-02,non-censoring,42.936673625608904
2022-11-02,censoring,57.06332637439109
2022-11-03,non-censoring,43.36085070659018
2022-11-03,censoring,56.639149293409815
2022-11-04,non-censoring,43.57753186720829
2022-11-04,censoring,56.42246813279171
2022-11-05,non-censoring,44.33421824786922
2022-11-05,censoring,55.66578175213078
2022-11-06,non-censoring,46.26657362177251
2022-11-06,censoring,53.7334263782275
2022-11-07,non-censoring,48.10727755273083
2022-11-07,censoring,51.892722447269165
2022-11-08,non-censoring,45.89290720493412
2022-11-08,censoring,54.10709279506588
2022-11-09,non-censoring,47.028387638092575
2022-11-09,censoring,52.971612361907425
2022-11-10,non-censoring,55.429927414852045
2022-11-10,censoring,44.57007258514796
2022-11-11,non-censoring,46.31961936747831
2022-11-11,censoring,53.6803806325217
2022-11-12,non-censoring,47.768479776847975
2022-11-12,censoring,52.23152022315202
2022-11-13,non-censoring,77.68018959988848
2022-11-13,censoring,22.31981040011153
2022-11-14,non-censoring,82.9212844558113
2022-11-14,censoring,17.07871554418869
2022-11-15,non-censoring,82.30692646849666
2022-11-15,censoring,17.69307353150334
2022-11-16,non-censoring,81.46729104583511
2022-11-16,censoring,18.532708954164892
2022-11-17,non-censoring,82.28990411731529
2022-11-17,censoring,17.710095882684715
2022-11-18,non-censoring,84.67336683417085
2022-11-18,censoring,15.326633165829145
2022-11-19,non-censoring,84.29880197322058
2022-11-19,censoring,15.701198026779423
2022-11-20,non-censoring,85.82633053221288
2022-11-20,censoring,14.173669467787114
2022-11-21,non-censoring,79.28016937191249
2022-11-21,censoring,20.71983062808751
2022-11-22,non-censoring,79.09192825112108
2022-11-22,censoring,20.908071748878925
2022-11-23,non-censoring,75.38032100488485
2022-11-23,censoring,24.619678995115144
2022-11-24,non-censoring,79.9192313048322
2022-11-24,censoring,20.0807686951678
2022-11-25,non-censoring,79.39591605218378
2022-11-25,censoring,20.604083947816225
2022-11-26,non-censoring,82.1453676367215
2022-11-26,censoring,17.854632363278505
2022-11-27,non-censoring,82.16345477563651
2022-11-27,censoring,17.836545224363483
2022-11-28,non-censoring,76.95542472666106
2022-11-28,censoring,23.044575273338943
2022-11-29,non-censoring,74.41072688779111
2022-11-29,censoring,25.589273112208893
2022-11-30,non-censoring,80.70249090400225
2022-11-30,censoring,19.29750909599776
2022-12-01,non-censoring,80.76707726763718
2022-12-01,censoring,19.232922732362823
2022-12-02,non-censoring,80.19195993879538
2022-12-02,censoring,19.80804006120462
2022-12-03,non-censoring,81.61209068010076
2022-12-03,censoring,18.387909319899247
2022-12-04,non-censoring,83.95284327323162
2022-12-04,censoring,16.047156726768378
2022-12-05,non-censoring,81.54869095442582
2022-12-05,censoring,18.45130904557418
2022-12-06,non-censoring,79.46193315767577
2022-12-06,censoring,20.538066842324227
2022-12-07,non-censoring,76.60941209328305
2022-12-07,censoring,23.390587906716938
2022-12-08,non-censoring,78.79760078114101
2022-12-08,censoring,21.202399218858975
2022-12-09,non-censoring,79.51908290227875
2022-12-09,censoring,20.480917097721235
2022-12-10,non-censoring,81.96583590030804
2022-12-10,censoring,18.034164099691964
2022-12-11,non-censoring,84.3407365757661
2022-12-11,censoring,15.659263424233904
2022-12-12,non-censoring,81.97132117499652
2022-12-12,censoring,18.02867882500348
2022-12-13,non-censoring,78.05690492713393
2022-12-13,censoring,21.943095072866065
2022-12-14,non-censoring,76.37095654588366
2022-12-14,censoring,23.629043454116342
2022-12-15,non-censoring,74.0120939389678
2022-12-15,censoring,25.987906061032202
2022-12-16,non-censoring,75.05543237250555
2022-12-16,censoring,24.944567627494457
2022-12-17,non-censoring,75.64875859166783
2022-12-17,censoring,24.351241408332164
2022-12-18,non-censoring,76.1957885929438
2022-12-18,censoring,23.804211407056197
2022-12-19,non-censoring,80.22288051911413
2022-12-19,censoring,19.77711948088588
2022-12-20,non-censoring,77.29805013927576
2022-12-20,censoring,22.701949860724234
2022-12-21,non-censoring,78.12369119084183
2022-12-21,censoring,21.876308809158175
2022-12-22,non-censoring,76.19379089516914
2022-12-22,censoring,23.80620910483085
2022-12-23,non-censoring,76.2673781772223
2022-12-23,censoring,23.7326218227777
2022-12-24,non-censoring,74.45081852525534
2022-12-24,censoring,25.549181474744646
2022-12-25,non-censoring,80.23029966703663
2022-12-25,censoring,19.769700332963374
2022-12-26,non-censoring,79.75906989774478
2022-12-26,censoring,20.240930102255216
2022-12-27,non-censoring,71.59154929577466
2022-12-27,censoring,28.408450704225352
2022-12-28,non-censoring,71.71970965940815
2022-12-28,censoring,28.280290340591847
2022-12-29,non-censoring,69.35979871400615
2022-12-29,censoring,30.64020128599385
2022-12-30,non-censoring,72.75021026072329
2022-12-30,censoring,27.249789739276704
2022-12-31,non-censoring,74.32375613174493
2022-12-31,censoring,25.67624386825508
2023-01-01,non-censoring,74.0508969545265
2023-01-01,censoring,25.94910304547351
2023-01-02,non-censoring,75.13842746400886
2023-01-02,censoring,24.86157253599114
2023-01-03,non-censoring,74.1106170094497
2023-01-03,censoring,25.88938299055031
2023-01-04,non-censoring,67.29480737018424
2023-01-04,censoring,32.70519262981574
2023-01-05,non-censoring,51.06471816283925
2023-01-05,censoring,48.93528183716075
2023-01-06,non-censoring,45.97208788171894
2023-01-06,censoring,54.02791211828105
2023-01-07,non-censoring,50.74237008523509
2023-01-07,censoring,49.25762991476492
2023-01-08,non-censoring,50.37375415282392
2023-01-08,censoring,49.62624584717608
2023-01-09,non-censoring,53.294412010008344
2023-01-09,censoring,46.705587989991656
2023-01-10,non-censoring,54.34692467173462
2023-01-10,censoring,45.65307532826537
2023-01-11,non-censoring,55.22902869757175
2023-01-11,censoring,44.77097130242826
2023-01-12,non-censoring,53.5240180648693
2023-01-12,censoring,46.4759819351307
2023-01-13,non-censoring,53.02988757883191
2023-01-13,censoring,46.97011242116808
2023-01-14,non-censoring,51.514332071389944
2023-01-14,censoring,48.48566792861006
2023-01-15,non-censoring,55.046741633924945
2023-01-15,censoring,44.953258366075055
2023-01-16,non-censoring,71.5023091551209
2023-01-16,censoring,28.49769084487911
2023-01-17,non-censoring,69.3957909029192
2023-01-17,censoring,30.604209097080787
2023-01-18,non-censoring,70.22900763358778
2023-01-18,censoring,29.770992366412212
2023-01-19,non-censoring,68.40607210626186
2023-01-19,censoring,31.59392789373814
2023-01-20,non-censoring,68.45008273579703
2023-01-20,censoring,31.549917264202982
2023-01-21,non-censoring,66.82738669238188
2023-01-21,censoring,33.17261330761813
2023-01-22,non-censoring,62.12976994076319
2023-01-22,censoring,37.87023005923681
2023-01-23,non-censoring,62.12620027434842
2023-01-23,censoring,37.87379972565158
2023-01-24,non-censoring,62.94277929155313
2023-01-24,censoring,37.05722070844686
2023-01-25,non-censoring,64.88403819918145
2023-01-25,censoring,35.11596180081855
2023-01-26,non-censoring,68.93990546927752
2023-01-26,censoring,31.060094530722488
2023-01-27,non-censoring,71.9425426231709
2023-01-27,censoring,28.057457376829102
2023-01-28,non-censoring,67.47348381833017
2023-01-28,censoring,32.52651618166984
2023-01-29,non-censoring,67.50809935205183
2023-01-29,censoring,32.491900647948164
2023-01-30,non-censoring,65.23726307299368
2023-01-30,censoring,34.762736927006316
2023-01-31,non-censoring,66.49678111587983
2023-01-31,censoring,33.50321888412017
2023-02-01,non-censoring,70.67076429716728
2023-02-01,censoring,29.32923570283271
2023-02-02,non-censoring,69.4496644295302
2023-02-02,censoring,30.550335570469798
2023-02-03,non-censoring,66.04738826063543
2023-02-03,censoring,33.95261173936457
2023-02-04,non-censoring,68.34961997828447
2023-02-04,censoring,31.650380021715524
2023-02-05,non-censoring,68.7760872492258
2023-02-05,censoring,31.2239127507742
2023-02-06,non-censoring,70.21247982786444
2023-02-06,censoring,29.787520172135558
2023-02-07,non-censoring,68.89366850383117
2023-02-07,censoring,31.10633149616884
2023-02-08,non-censoring,71.14789395774459
2023-02-08,censoring,28.852106042255414
2023-02-09,non-censoring,70.83558680367766
2023-02-09,censoring,29.164413196322336
2023-02-10,non-censoring,72.76779683911928
2023-02-10,censoring,27.232203160880726
2023-02-11,non-censoring,75.53947192065407
2023-02-11,censoring,24.460528079345934
2023-02-12,non-censoring,75.26683357491105
2023-02-12,censoring,24.733166425088946
2023-02-13,non-censoring,76.31927870591355
2023-02-13,censoring,23.68072129408645
2023-02-14,non-censoring,73.89116907189197
2023-02-14,censoring,26.108830928108034
2023-02-15,non-censoring,73.15782510914141
2023-02-15,censoring,26.842174890858576
2023-02-16,non-censoring,70.36838580040188
2023-02-16,censoring,29.631614199598122
2023-02-17,non-censoring,73.57498989354534
2023-02-17,censoring,26.425010106454653
2023-02-18,non-censoring,78.07529162248144
2023-02-18,censoring,21.92470837751856
2023-02-19,non-censoring,78.79068536649908
2023-02-19,censoring,21.209314633500924
2023-02-20,non-censoring,77.56659081782894
2023-02-20,censoring,22.43340918217106
2023-02-21,non-censoring,76.68047574502205
2023-02-21,censoring,23.31952425497795
2023-02-22,non-censoring,75.84239851419474
2023-02-22,censoring,24.15760148580525
2023-02-23,non-censoring,75.18363064008395
2023-02-23,censoring,24.816369359916056
2023-02-24,non-censoring,73.9422084623323
2023-02-24,censoring,26.057791537667697
2023-02-25,non-censoring,71.10882428608181
2023-02-25,censoring,28.891175713918187
2023-02-26,non-censoring,71.56799794529344
2023-02-26,censoring,28.43200205470656
2023-02-27,non-censoring,71.78928479876954
2023-02-27,censoring,28.210715201230453
2023-02-28,non-censoring,71.89870163260059
2023-02-28,censoring,28.10129836739941
2023-03-01,non-censoring,68.23559343594962
2023-03-01,censoring,31.764406564050375
2023-03-02,non-censoring,67.28070175438596
2023-03-02,censoring,32.719298245614034
2023-03-03,non-censoring,66.20603015075378
2023-03-03,censoring,33.79396984924623
2023-03-04,non-censoring,64.38563327032136
2023-03-04,censoring,35.614366729678636
2023-03-05,non-censoring,63.621533442088094
2023-03-05,censoring,36.378466557911906
2023-03-06,non-censoring,63.85110066782092
2023-03-06,censoring,36.14889933217908
2023-03-07,non-censoring,68.55670103092784
2023-03-07,censoring,31.443298969072163
2023-03-08,non-censoring,64.00591278640059
2023-03-08,censoring,35.99408721359941
2023-03-09,non-censoring,63.233488828873064
2023-03-09,censoring,36.76651117112693
2023-03-10,non-censoring,56.52698949402246
2023-03-10,censoring,43.47301050597754
2023-03-11,non-censoring,57.19971903535471
2023-03-11,censoring,42.80028096464528
2023-03-12,non-censoring,59.6147495872317
2023-03-12,censoring,40.3852504127683
2023-03-13,non-censoring,54.0430954587581
2023-03-13,censoring,45.95690454124189
2023-03-14,non-censoring,57.4245939675174
2023-03-14,censoring,42.5754060324826
2023-03-15,non-censoring,64.29883649724434
2023-03-15,censoring,35.70116350275566
2023-03-16,non-censoring,57.710031903580294
2023-03-16,censoring,42.28996809641971
2023-03-17,non-censoring,63.2183908045977
2023-03-17,censoring,36.7816091954023
2023-03-18,non-censoring,61.1024378527681
2023-03-18,censoring,38.897562147231895
2023-03-19,non-censoring,54.71535718676995
2023-03-19,censoring,45.28464281323005
2023-03-20,non-censoring,57.96308084022915
2023-03-20,censoring,42.03691915977085
2023-03-21,non-censoring,54.8171109733416
2023-03-21,censoring,45.1828890266584
2023-03-22,non-censoring,55.20628683693517
2023-03-22,censoring,44.79371316306484
2023-03-23,non-censoring,56.172539489671934
2023-03-23,censoring,43.82746051032807
2023-03-24,non-censoring,59.49602780536246
2023-03-24,censoring,40.50397219463754
2023-03-25,non-censoring,55.81737849779087
2023-03-25,censoring,44.18262150220913
2023-03-26,non-censoring,68.15026035209522
2023-03-26,censoring,31.849739647904784
2023-03-27,non-censoring,69.71243620067223
2023-03-27,censoring,30.28756379932777
2023-03-28,non-censoring,63.218104949017665
2023-03-28,censoring,36.78189505098234
2023-03-29,non-censoring,60.37618335824614
2023-03-29,censoring,39.62381664175386
2023-03-30,non-censoring,60.175219023779725
2023-03-30,censoring,39.824780976220275
2023-03-31,non-censoring,62.71250472232717
2023-03-31,censoring,37.28749527767284
2023-04-01,non-censoring,64.18457648546145
2023-04-01,censoring,35.81542351453856
2023-04-02,non-censoring,63.45151861735926
2023-04-02,censoring,36.54848138264074
2023-04-03,non-censoring,64.12261889743914
2023-04-03,censoring,35.87738110256087
2023-04-04,non-censoring,60.05060088551549
2023-04-04,censoring,39.9493991144845
2023-04-05,non-censoring,61.77529484792055
2023-04-05,censoring,38.22470515207945
2023-04-06,non-censoring,62.7160800895411
2023-04-06,censoring,37.2839199104589
2023-04-07,non-censoring,63.751987281399046
2023-04-07,censoring,36.248012718600954
2023-04-08,non-censoring,63.38830948338588
2023-04-08,censoring,36.61169051661412
2023-04-09,non-censoring,63.98901885891621
2023-04-09,censoring,36.01098114108379
2023-04-10,non-censoring,66.77380952380952
2023-04-10,censoring,33.226190476190474
2023-04-11,non-censoring,65.59605437266931
2023-04-11,censoring,34.403945627330685
2023-04-12,non-censoring,69.74038697036494
2023-04-12,censoring,30.259613029635073
2023-04-13,non-censoring,67.8893417315055
2023-04-13,censoring,32.110658268494504
2023-04-14,non-censoring,74.21875
2023-04-14,censoring,25.78125
2023-04-15,non-censoring,70.18993586581155
2023-04-15,censoring,29.81006413418846
2023-04-16,non-censoring,69.63841138114996
2023-04-16,censoring,30.36158861885003
2023-04-17,non-censoring,69.70313622216902
2023-04-17,censoring,30.29686377783098
2023-04-18,non-censoring,67.17632552404439
2023-04-18,censoring,32.82367447595561
2023-04-19,non-censoring,72.40954959389614
2023-04-19,censoring,27.590450406103866
2023-04-20,non-censoring,71.98810114030739
2023-04-20,censoring,28.011898859692614
2023-04-21,non-censoring,68.52569713642616
2023-04-21,censoring,31.47430286357384
2023-04-22,non-censoring,58.40251572327044
2023-04-22,censoring,41.59748427672956
2023-04-23,non-censoring,66.45161290322581
2023-04-23,censoring,33.5483870967742
2023-04-24,non-censoring,68.68868150275186
2023-04-24,censoring,31.31131849724815
2023-04-25,non-censoring,62.31204138096956
2023-04-25,censoring,37.68795861903043
2023-04-26,non-censoring,57.34459867229934
2023-04-26,censoring,42.655401327700666
2023-04-27,non-censoring,56.7642120412569
2023-04-27,censoring,43.2357879587431
2023-04-28,non-censoring,64.07871198568873
2023-04-28,censoring,35.92128801431127
2023-04-29,non-censoring,69.76772030651341
2023-04-29,censoring,30.232279693486593
2023-04-30,non-censoring,74.33794234825403
2023-04-30,censoring,25.662057651745958
2023-05-01,non-censoring,71.37586288978814
2023-05-01,censoring,28.624137110211855
2023-05-02,non-censoring,74.06528189910979
2023-05-02,censoring,25.93471810089021
2023-05-03,non-censoring,70.16965702428902
2023-05-03,censoring,29.830342975710973
2023-05-04,non-censoring,65.47633606457136
2023-05-04,censoring,34.52366393542864
2023-05-05,non-censoring,66.15270753669668
2023-05-05,censoring,33.84729246330332
2023-05-06,non-censoring,60.40732209964844
2023-05-06,censoring,39.59267790035156
2023-05-07,non-censoring,62.458017166314214
2023-05-07,censoring,37.541982833685786
2023-05-08,non-censoring,62.23862238622387
2023-05-08,censoring,37.76137761377613
2023-05-09,non-censoring,61.31523228297422
2023-05-09,censoring,38.68476771702578
2023-05-10,non-censoring,60.520418326693225
2023-05-10,censoring,39.479581673306775
2023-05-11,non-censoring,60.898931597691266
2023-05-11,censoring,39.101068402308734
2023-05-12,non-censoring,60.86178085461924
2023-05-12,censoring,39.13821914538076
2023-05-13,non-censoring,64.3937575030012
2023-05-13,censoring,35.6062424969988
2023-05-14,non-censoring,63.56517733763243
2023-05-14,censoring,36.43482266236757
2023-05-15,non-censoring,64.32400932400932
2023-05-15,censoring,35.675990675990676
2023-05-16,non-censoring,61.66998477573487
2023-05-16,censoring,38.33001522426513
2023-05-17,non-censoring,60.025873221216045
2023-05-17,censoring,39.974126778783955
2023-05-18,non-censoring,62.26549513179768
2023-05-18,censoring,37.73450486820233
2023-05-19,non-censoring,63.72724027133167
2023-05-19,censoring,36.27275972866833
2023-05-20,non-censoring,62.40918678228263
2023-05-20,censoring,37.59081321771737
2023-05-21,non-censoring,63.71023914557696
2023-05-21,censoring,36.28976085442303
2023-05-22,non-censoring,68.22516864387067
2023-05-22,censoring,31.774831356129337
2023-05-23,non-censoring,66.09868654597089
2023-05-23,censoring,33.90131345402911
2023-05-24,non-censoring,61.26221594254092
2023-05-24,censoring,38.73778405745909
2023-05-25,non-censoring,62.159934047815334
2023-05-25,censoring,37.840065952184666
2023-05-26,non-censoring,65.01345186571528
2023-05-26,censoring,34.98654813428471
2023-05-27,non-censoring,66.22201600742373
2023-05-27,censoring,33.77798399257627
2023-05-28,non-censoring,69.67471143756558
2023-05-28,censoring,30.325288562434416
2023-05-29,non-censoring,72.38736646539712
2023-05-29,censoring,27.61263353460288
2023-05-30,non-censoring,69.28219563687544
2023-05-30,censoring,30.71780436312456
2023-05-31,non-censoring,66.79659815733523
2023-05-31,censoring,33.203401842664775
2023-06-01,non-censoring,66.32282264681749
2023-06-01,censoring,33.677177353182515
2023-06-02,non-censoring,66.81876681876682
2023-06-02,censoring,33.18123318123318
2023-06-03,non-censoring,64.45171084900151
2023-06-03,censoring,35.54828915099848
2023-06-04,non-censoring,66.63531624735481
2023-06-04,censoring,33.36468375264519
2023-06-05,non-censoring,66.4033950253448
2023-06-05,censoring,33.59660497465519
2023-06-06,non-censoring,71.3901555009938
2023-06-06,censoring,28.609844499006197
2023-06-07,non-censoring,72.26576207743595
2023-06-07,censoring,27.73423792256404
2023-06-08,non-censoring,66.41931684334511
2023-06-08,censoring,33.58068315665489
2023-06-09,non-censoring,64.47777777777777
2023-06-09,censoring,35.52222222222222
2023-06-10,non-censoring,56.58569199910853
2023-06-10,censoring,43.41430800089147
2023-06-11,non-censoring,50.64009796281865
2023-06-11,censoring,49.35990203718134
2023-06-12,non-censoring,55.94793435200906
2023-06-12,censoring,44.05206564799094
2023-06-13,non-censoring,63.92195767195767
2023-06-13,censoring,36.07804232804233
2023-06-14,non-censoring,61.928265876933196
2023-06-14,censoring,38.0717341230668
2023-06-15,non-censoring,66.72564414464226
2023-06-15,censoring,33.27435585535773
2023-06-16,non-censoring,68.67822562485927
2023-06-16,censoring,31.32177437514073
2023-06-17,non-censoring,72.53880140478078
2023-06-17,censoring,27.461198595219216
2023-06-18,non-censoring,64.43792128723635
2023-06-18,censoring,35.56207871276364
2023-06-19,non-censoring,61.04663657855147
2023-06-19,censoring,38.95336342144853
2023-06-20,non-censoring,59.95206449504303
2023-06-20,censoring,40.04793550495697
2023-06-21,non-censoring,62.544286979628
2023-06-21,censoring,37.45571302037201
2023-06-22,non-censoring,65.18370960602037
2023-06-22,censoring,34.816290393979635
2023-06-23,non-censoring,63.946932006633496
2023-06-23,censoring,36.0530679933665
2023-06-24,non-censoring,65.20382919221254
2023-06-24,censoring,34.796170807787455
2023-06-25,non-censoring,61.95894927150909
2023-06-25,censoring,38.0410507284909
2023-06-26,non-censoring,67.71404470687473
2023-06-26,censoring,32.28595529312526
2023-06-27,non-censoring,63.366878144826075
2023-06-27,censoring,36.633121855173925
2023-06-28,non-censoring,61.308692382078
2023-06-28,censoring,38.69130761792199
2023-06-29,non-censoring,57.880685902043325
2023-06-29,censoring,42.11931409795667
2023-06-30,non-censoring,62.23154530016981
2023-06-30,censoring,37.76845469983019
2023-07-01,non-censoring,65.99646920360925
2023-07-01,censoring,34.00353079639074
2023-07-02,non-censoring,60.2729120294203
2023-07-02,censoring,39.727087970579696
2023-07-03,non-censoring,60.20301679157575
2023-07-03,censoring,39.796983208424244
2023-07-04,non-censoring,62.05717542026783
2023-07-04,censoring,37.94282457973217
2023-07-05,non-censoring,64.87930540978914
2023-07-05,censoring,35.12069459021086
2023-07-06,non-censoring,74.08495858936682
2023-07-06,censoring,25.915041410633183
2023-07-07,non-censoring,66.52387896463726
2023-07-07,censoring,33.476121035362745
2023-07-08,non-censoring,60.562734854733755
2023-07-08,censoring,39.437265145266245
2023-07-09,non-censoring,58.16660603855948
2023-07-09,censoring,41.83339396144052
2023-07-10,non-censoring,58.89039242219215
2023-07-10,censoring,41.10960757780785
2023-07-11,non-censoring,49.49231736903585
2023-07-11,censoring,50.50768263096415
2023-07-12,non-censoring,52.73775216138329
2023-07-12,censoring,47.262247838616716
2023-07-13,non-censoring,57.44113727232342
2023-07-13,censoring,42.55886272767659
2023-07-14,non-censoring,59.59297113143267
2023-07-14,censoring,40.40702886856733
2023-07-15,non-censoring,63.86910664382944
2023-07-15,censoring,36.13089335617056
2023-07-16,non-censoring,54.96474175719459
2023-07-16,censoring,45.03525824280541
2023-07-17,non-censoring,52.855678747787195
2023-07-17,censoring,47.1443212522128
2023-07-18,non-censoring,56.10232558139535
2023-07-18,censoring,43.89767441860465
2023-07-19,non-censoring,56.658232593009096
2023-07-19,censoring,43.34176740699091
2023-07-20,non-censoring,46.97430229345123
2023-07-20,censoring,53.02569770654877
2023-07-21,non-censoring,43.43168577335088
2023-07-21,censoring,56.56831422664913
2023-07-22,non-censoring,44.31712316005217
2023-07-22,censoring,55.682876839947824
2023-07-23,non-censoring,42.335499222110364
2023-07-23,censoring,57.66450077788963
2023-07-24,non-censoring,43.02094618996028
2023-07-24,censoring,56.97905381003972
2023-07-25,non-censoring,43.32387663585614
2023-07-25,censoring,56.67612336414386
2023-07-26,non-censoring,44.75203960033
2023-07-26,censoring,55.24796039966999
2023-07-27,non-censoring,45.29600301659125
2023-07-27,censoring,54.70399698340876
2023-07-28,non-censoring,46.52361319340329
2023-07-28,censoring,53.4763868065967
2023-07-29,non-censoring,47.42127659574468
2023-07-29,censoring,52.57872340425532
2023-07-30,non-censoring,45.903624881045076
2023-07-30,censoring,54.09637511895493
2023-07-31,non-censoring,55.53101254638628
2023-07-31,censoring,44.468987453613714
2023-08-01,non-censoring,54.653284671532845
2023-08-01,censoring,45.346715328467155
2023-08-02,non-censoring,50.968100301539444
2023-08-02,censoring,49.03189969846056
2023-08-03,non-censoring,55.795258797473544
2023-08-03,censoring,44.204741202526456
2023-08-04,non-censoring,55.62925170068027
2023-08-04,censoring,44.37074829931973
2023-08-05,non-censoring,51.36409565510272
2023-08-05,censoring,48.63590434489728
2023-08-06,non-censoring,55.67425425260909
2023-08-06,censoring,44.32574574739091
2023-08-07,non-censoring,54.76016557097638
2023-08-07,censoring,45.23983442902362
2023-08-08,non-censoring,59.56769983686786
2023-08-08,censoring,40.43230016313213
2023-08-09,non-censoring,59.773371104815865
2023-08-09,censoring,40.226628895184135
2023-08-10,non-censoring,60.80948487326246
2023-08-10,censoring,39.19051512673753
2023-08-11,non-censoring,60.20980727006587
2023-08-11,censoring,39.790192729934134
2023-08-12,non-censoring,30.76923076923077
2023-08-12,censoring,69.23076923076923
2023-08-13,non-censoring,27.65178642476327
2023-08-13,censoring,72.34821357523673
2023-08-14,non-censoring,29.697362032691377
2023-08-14,censoring,70.30263796730863
2023-08-15,non-censoring,31.43818065342729
2023-08-15,censoring,68.5618193465727
2023-08-16,non-censoring,33.31161957495318
2023-08-16,censoring,66.68838042504682
2023-08-17,non-censoring,32.50423533035577
2023-08-17,censoring,67.49576466964423
2023-08-18,non-censoring,30.519882407550675
2023-08-18,censoring,69.48011759244933
2023-08-19,non-censoring,29.833655705996133
2023-08-19,censoring,70.16634429400386
2023-08-20,non-censoring,37.234492680037235
2023-08-20,censoring,62.765507319962765
2023-08-21,non-censoring,36.94411814062762
2023-08-21,censoring,63.05588185937238
2023-08-22,non-censoring,37.54455445544554
2023-08-22,censoring,62.45544554455446
2023-08-23,non-censoring,38.43559267587536
2023-08-23,censoring,61.56440732412464
2023-08-24,non-censoring,36.8107893692979
2023-08-24,censoring,63.1892106307021
2023-08-25,non-censoring,35.54653291935356
2023-08-25,censoring,64.45346708064645
2023-08-26,non-censoring,33.59107214029493
2023-08-26,censoring,66.40892785970506
2023-08-27,non-censoring,37.88809563340528
2023-08-27,censoring,62.111904366594715
2023-08-28,non-censoring,32.55047052199791
2023-08-28,censoring,67.44952947800209
2023-08-29,non-censoring,30.768051510041396
2023-08-29,censoring,69.23194848995861
2023-08-30,non-censoring,28.71467639015497
2023-08-30,censoring,71.28532360984504
2023-08-31,non-censoring,26.734454438795463
2023-08-31,censoring,73.26554556120453
2023-09-01,non-censoring,33.91386953768208
2023-09-01,censoring,66.08613046231793
2023-09-02,non-censoring,31.078055022392835
2023-09-02,censoring,68.92194497760717
2023-09-03,non-censoring,29.91403054836825
2023-09-03,censoring,70.08596945163174
2023-09-04,non-censoring,34.96822551735376
2023-09-04,censoring,65.03177448264624
2023-09-05,non-censoring,30.404790782292295
2023-09-05,censoring,69.5952092177077
2023-09-06,non-censoring,37.96478980118379
2023-09-06,censoring,62.0352101988162
2023-09-07,non-censoring,33.17339632390935
2023-09-07,censoring,66.82660367609064
2023-09-08,non-censoring,32.20001531510835
2023-09-08,censoring,67.79998468489164
2023-09-09,non-censoring,29.841488628532048
2023-09-09,censoring,70.15851137146795
2023-09-10,non-censoring,40.11811342124423
2023-09-10,censoring,59.88188657875576
2023-09-11,non-censoring,35.440550278414676
2023-09-11,censoring,64.55944972158532
2023-09-12,non-censoring,32.44705882352941
2023-09-12,censoring,67.5529411764706
2023-09-13,non-censoring,27.73921859159323
2023-09-13,censoring,72.26078140840677
2023-09-14,non-censoring,32.37335460710012
2023-09-14,censoring,67.62664539289987
2023-09-15,non-censoring,31.11239860950174
2023-09-15,censoring,68.88760139049826
2023-09-16,non-censoring,33.154093097913325
2023-09-16,censoring,66.84590690208668
2023-09-17,non-censoring,31.954189854020488
2023-09-17,censoring,68.04581014597952
2023-09-18,non-censoring,31.480000000000004
2023-09-18,censoring,68.52000000000001
2023-09-19,non-censoring,33.98903579490487
2023-09-19,censoring,66.01096420509514
2023-09-20,non-censoring,32.266408018105395
2023-09-20,censoring,67.7335919818946
2023-09-21,non-censoring,34.57627118644068
2023-09-21,censoring,65.42372881355932
2023-09-22,non-censoring,29.736924522392734
2023-09-22,censoring,70.26307547760726
2023-09-23,non-censoring,32.28944246737841
2023-09-23,censoring,67.71055753262158
2023-09-24,non-censoring,38.69396516139685
2023-09-24,censoring,61.30603483860315
2023-09-25,non-censoring,37.855919066655794
2023-09-25,censoring,62.14408093334421
2023-09-26,non-censoring,33.64634728632819
2023-09-26,censoring,66.35365271367182
2023-09-27,non-censoring,32.94721293632901
2023-09-27,censoring,67.05278706367099
2023-09-28,non-censoring,32.77650225635342
2023-09-28,censoring,67.22349774364659
2023-09-29,non-censoring,27.888897886468538
2023-09-29,censoring,72.11110211353146
2023-09-30,non-censoring,25.719120135363788
2023-09-30,censoring,74.2808798646362
2023-10-01,non-censoring,29.496
2023-10-01,censoring,70.504
2023-10-02,non-censoring,27.574804419711267
2023-10-02,censoring,72.42519558028874
2023-10-03,non-censoring,19.737141988908306
2023-10-03,censoring,80.2628580110917
2023-10-04,non-censoring,31.521473392551545
2023-10-04,censoring,68.47852660744846
2023-10-05,non-censoring,33.75990752972259
2023-10-05,censoring,66.24009247027742
2023-10-06,non-censoring,34.70694467246758
2023-10-06,censoring,65.29305532753243
2023-10-07,non-censoring,34.9520923757268
2023-10-07,censoring,65.0479076242732
2023-10-08,non-censoring,40.14101828318439
2023-10-08,censoring,59.858981716815606
2023-10-09,non-censoring,37.62229713064211
2023-10-09,censoring,62.37770286935789
2023-10-10,non-censoring,28.39575630927504
2023-10-10,censoring,71.60424369072497
2023-10-11,non-censoring,29.621106271061066
2023-10-11,censoring,70.37889372893893
2023-10-12,non-censoring,24.963656921337428
2023-10-12,censoring,75.03634307866257
2023-10-13,non-censoring,26.770395290159797
2023-10-13,censoring,73.2296047098402
2023-10-14,non-censoring,29.16802344513188
2023-10-14,censoring,70.83197655486812
2023-10-15,non-censoring,32.41191517451935
2023-10-15,censoring,67.58808482548065
2023-10-16,non-censoring,29.244380679100907
2023-10-16,censoring,70.75561932089909
2023-10-17,non-censoring,27.27272727272727
2023-10-17,censoring,72.72727272727273
2023-10-18,non-censoring,30.510279302154146
2023-10-18,censoring,69.48972069784585
2023-10-19,non-censoring,30.608426874898324
2023-10-19,censoring,69.39157312510169
2023-10-20,non-censoring,29.706141404435904
2023-10-20,censoring,70.2938585955641
2023-10-21,non-censoring,29.981114258734653
2023-10-21,censoring,70.01888574126535
2023-10-22,non-censoring,30.245544879691224
2023-10-22,censoring,69.75445512030878
2023-10-23,non-censoring,27.847790507364977
2023-10-23,censoring,72.15220949263502
2023-10-24,non-censoring,22.295914189797756
2023-10-24,censoring,77.70408581020224
2023-10-25,non-censoring,19.696357910037957
2023-10-25,censoring,80.30364208996204
2023-10-26,non-censoring,23.5011795330676
2023-10-26,censoring,76.4988204669324
2023-10-27,non-censoring,20.938232994526974
2023-10-27,censoring,79.06176700547303
2023-10-28,non-censoring,24.062573697036395
2023-10-28,censoring,75.9374263029636
2023-10-29,non-censoring,31.478957915831664
2023-10-29,censoring,68.52104208416834
2023-10-30,non-censoring,27.291354716683742
2023-10-30,censoring,72.70864528331626
2023-10-31,non-censoring,33.50683654443754
2023-10-31,censoring,66.49316345556247
2023-11-01,non-censoring,30.65623503113524
2023-11-01,censoring,69.34376496886476
2023-11-02,non-censoring,28.793492268041238
2023-11-02,censoring,71.20650773195877
2023-11-03,non-censoring,27.990280608245804
2023-11-03,censoring,72.00971939175419
2023-11-04,non-censoring,27.77517929529155
2023-11-04,censoring,72.22482070470845
2023-11-05,non-censoring,29.500119208455857
2023-11-05,censoring,70.49988079154414
2023-11-06,non-censoring,23.27005036807439
2023-11-06,censoring,76.7299496319256
2023-11-07,non-censoring,27.306866952789697
2023-11-07,censoring,72.6931330472103
2023-11-08,non-censoring,28.793895507280233
2023-11-08,censoring,71.20610449271977
2023-11-09,non-censoring,31.09012199921291
2023-11-09,censoring,68.90987800078709
2023-11-10,non-censoring,20.676456803624436
2023-11-10,censoring,79.32354319637557
2023-11-11,non-censoring,21.40033879164314
2023-11-11,censoring,78.59966120835686
2023-11-12,non-censoring,23.61574382921948
2023-11-12,censoring,76.38425617078052
2023-11-13,non-censoring,25.975558364938895
2023-11-13,censoring,74.0244416350611
2023-11-14,non-censoring,23.044761436301034
2023-11-14,censoring,76.95523856369897
2023-11-15,non-censoring,25.36633827303585
2023-11-15,censoring,74.63366172696415
2023-11-16,non-censoring,25.846384694738816
2023-11-16,censoring,74.15361530526118
2023-11-17,non-censoring,14.917564996829421
2023-11-17,censoring,85.08243500317057
2023-11-18,non-censoring,26.891734575087312
2023-11-18,censoring,73.10826542491269
2023-11-19,non-censoring,27.02384951293248
2023-11-19,censoring,72.97615048706751
2023-11-20,non-censoring,28.199863107460644
2023-11-20,censoring,71.80013689253936
2023-11-21,non-censoring,29.16222203987856
2023-11-21,censoring,70.83777796012144
2023-11-22,non-censoring,26.007143450452695
2023-11-22,censoring,73.9928565495473
2023-11-23,non-censoring,30.04128551768801
2023-11-23,censoring,69.95871448231199
2023-11-24,non-censoring,31.330744233970044
2023-11-24,censoring,68.66925576602996
2023-11-25,non-censoring,29.28600242033078
2023-11-25,censoring,70.71399757966923
2023-11-26,non-censoring,28.355082970839373
2023-11-26,censoring,71.64491702916062
2023-11-27,non-censoring,29.778573754477367
2023-11-27,censoring,70.22142624552264
2023-11-28,non-censoring,31.08054067023914
2023-11-28,censoring,68.91945932976085
2023-11-29,non-censoring,34.00047653085537
2023-11-29,censoring,65.99952346914463
2023-11-30,non-censoring,37.60767105477003
2023-11-30,censoring,62.39232894522997
2023-12-01,non-censoring,38.325671425114926
2023-12-01,censoring,61.674328574885074
2023-12-02,non-censoring,31.857211003339163
2023-12-02,censoring,68.14278899666084
2023-12-03,non-censoring,24.503092783505153
2023-12-03,censoring,75.49690721649485
2023-12-04,non-censoring,41.48006326479647
2023-12-04,censoring,58.51993673520353
2023-12-05,non-censoring,30.85927973335501
2023-12-05,censoring,69.14072026664499
2023-12-06,non-censoring,33.704939376678325
2023-12-06,censoring,66.29506062332166
2023-12-07,non-censoring,34.52741338715102
2023-12-07,censoring,65.47258661284897
2023-12-08,non-censoring,35.81777070597102
2023-12-08,censoring,64.18222929402899
2023-12-09,non-censoring,34.25372506103208
2023-12-09,censoring,65.74627493896793
2023-12-10,non-censoring,32.90616668100112
2023-12-10,censoring,67.09383331899889
2023-12-11,non-censoring,37.55675490448043
2023-12-11,censoring,62.44324509551957
2023-12-12,non-censoring,31.875680656781434
2023-12-12,censoring,68.12431934321856
2023-12-13,non-censoring,39.653304442036834
2023-12-13,censoring,60.34669555796316
2023-12-14,non-censoring,41.42987324993786
2023-12-14,censoring,58.57012675006214
2023-12-15,non-censoring,38.76146788990826
2023-12-15,censoring,61.23853211009175
2023-12-16,non-censoring,41.765630457562
2023-12-16,censoring,58.234369542438
2023-12-17,non-censoring,43.81853555005306
2023-12-17,censoring,56.18146444994694
2023-12-18,non-censoring,42.484177215189874
2023-12-18,censoring,57.51582278481012
2023-12-19,non-censoring,42.650191734128676
2023-12-19,censoring,57.349808265871324
2023-12-20,non-censoring,46.21337275019564
2023-12-20,censoring,53.78662724980436
2023-12-21,non-censoring,47.38263217489766
2023-12-21,censoring,52.61736782510235
2023-12-22,non-censoring,39.948885167885784
2023-12-22,censoring,60.051114832114216
2023-12-23,non-censoring,38.46021357216672
2023-12-23,censoring,61.53978642783328
2023-12-24,non-censoring,29.500134132164895
2023-12-24,censoring,70.49986586783511
2023-12-25,non-censoring,25.578693359549558
2023-12-25,censoring,74.42130664045045
2023-12-26,non-censoring,28.762755102040817
2023-12-26,censoring,71.23724489795919
2023-12-27,non-censoring,28.76521415962092
2023-12-27,censoring,71.23478584037908
2023-12-28,non-censoring,30.599339310995756
2023-12-28,censoring,69.40066068900424
2023-12-29,non-censoring,26.2838511004438
2023-12-29,censoring,73.7161488995562
2023-12-30,non-censoring,30.629215559456714
2023-12-30,censoring,69.37078444054329
2023-12-31,non-censoring,36.27213420316869
2023-12-31,censoring,63.72786579683132
2024-01-01,non-censoring,31.833816075307748
2024-01-01,censoring,68.16618392469225
2024-01-02,non-censoring,28.321902149062645
2024-01-02,censoring,71.67809785093736
2024-01-03,non-censoring,26.84371417653802
2024-01-03,censoring,73.15628582346197
2024-01-04,non-censoring,27.980734278444203
2024-01-04,censoring,72.0192657215558
2024-01-05,non-censoring,24.784094998200793
2024-01-05,censoring,75.21590500179921
2024-01-06,non-censoring,29.841033745468064
2024-01-06,censoring,70.15896625453193
2024-01-07,non-censoring,36.152570480928695
2024-01-07,censoring,63.847429519071305
2024-01-08,non-censoring,40.42553191489361
2024-01-08,censoring,59.57446808510638
2024-01-09,non-censoring,28.542002507612395
2024-01-09,censoring,71.4579974923876
2024-01-10,non-censoring,27.990301724137932
2024-01-10,censoring,72.00969827586206
2024-01-11,non-censoring,30.847082837217215
2024-01-11,censoring,69.15291716278278
2024-01-12,non-censoring,31.207150915560185
2024-01-12,censoring,68.79284908443981
2024-01-13,non-censoring,33.02969256372077
2024-01-13,censoring,66.97030743627923
2024-01-14,non-censoring,40.84366796415316
2024-01-14,censoring,59.15633203584684
2024-01-15,non-censoring,46.308243727598565
2024-01-15,censoring,53.691756272401435
2024-01-16,non-censoring,40.79277022190408
2024-01-16,censoring,59.207229778095915
2024-01-17,non-censoring,40.885066738331986
2024-01-17,censoring,59.114933261668014
2024-01-18,non-censoring,50.02727272727273
2024-01-18,censoring,49.972727272727276
2024-01-19,non-censoring,36.65101156069364
2024-01-19,censoring,63.34898843930635
2024-01-20,non-censoring,28.94257064721969
2024-01-20,censoring,71.0574293527803
2024-01-21,non-censoring,36.8242312987609
2024-01-21,censoring,63.1757687012391
2024-01-22,non-censoring,42.59529454678096
2024-01-22,censoring,57.40470545321904
2024-01-23,non-censoring,31.045751633986928
2024-01-23,censoring,68.95424836601308
2024-01-24,non-censoring,32.73491549172432
2024-01-24,censoring,67.26508450827569
2024-01-25,non-censoring,33.83458646616541
2024-01-25,censoring,66.16541353383458
2024-01-26,non-censoring,31.007681879801176
2024-01-26,censoring,68.99231812019883
2024-01-27,non-censoring,33.70629370629371
2024-01-27,censoring,66.2937062937063
2024-01-28,non-censoring,43.117850009079355
2024-01-28,censoring,56.88214999092065
2024-01-29,non-censoring,42.62604475599892
2024-01-29,censoring,57.373955244001074
2024-01-30,non-censoring,36.89544807965861
2024-01-30,censoring,63.10455192034139
2024-01-31,non-censoring,29.170979580314295
2024-01-31,censoring,70.8290204196857
2024-02-01,non-censoring,29.329868201225175
2024-02-01,censoring,70.67013179877483
2024-02-02,non-censoring,35.065892544465946
2024-02-02,censoring,64.93410745553405
2024-02-03,non-censoring,34.10537971763403
2024-02-03,censoring,65.89462028236596
2024-02-04,non-censoring,39.157407407407405
2024-02-04,censoring,60.842592592592595
2024-02-05,non-censoring,37.321783071647715
2024-02-05,censoring,62.678216928352285
2024-02-06,non-censoring,35.699634352983146
2024-02-06,censoring,64.30036564701686
2024-02-07,non-censoring,34.45706497046797
2024-02-07,censoring,65.54293502953203
2024-02-08,non-censoring,40.689333954354915
2024-02-08,censoring,59.310666045645085
2024-02-09,non-censoring,45.029653890413385
2024-02-09,censoring,54.97034610958662
2024-02-10,non-censoring,42.20968168591835
2024-02-10,censoring,57.790318314081645
2024-02-11,non-censoring,42.713242768690506
2024-02-11,censoring,57.286757231309494
2024-02-12,non-censoring,40.50668411704216
2024-02-12,censoring,59.493315882957845
2024-02-13,non-censoring,41.1721878412814
2024-02-13,censoring,58.82781215871861
2024-02-14,non-censoring,38.65105386416862
2024-02-14,censoring,61.34894613583138
2024-02-15,non-censoring,33.10725266775185
2024-02-15,censoring,66.89274733224815
2024-02-16,non-censoring,35.532812640272915
2024-02-16,censoring,64.46718735972709
2024-02-17,non-censoring,35.20821556434897
2024-02-17,censoring,64.79178443565102
2024-02-18,non-censoring,37.371428571428574
2024-02-18,censoring,62.62857142857143
2024-02-19,non-censoring,34.939054119941495
2024-02-19,censoring,65.06094588005851
2024-02-20,non-censoring,35.20980669495521
2024-02-20,censoring,64.79019330504478
2024-02-21,non-censoring,36.60722709689593
2024-02-21,censoring,63.39277290310407
2024-02-22,non-censoring,39.53108484673778
2024-02-22,censoring,60.46891515326222
2024-02-23,non-censoring,40.3069100154363
2024-02-23,censoring,59.6930899845637
2024-02-24,non-censoring,39.70317109144543
2024-02-24,censoring,60.296828908554566
2024-02-25,non-censoring,35.750728862973766
2024-02-25,censoring,64.24927113702624
2024-02-26,non-censoring,36.498489149345296
2024-02-26,censoring,63.5015108506547
2024-02-27,non-censoring,37.91431593794076
2024-02-27,censoring,62.085684062059244
2024-02-28,non-censoring,37.038339781920506
2024-02-28,censoring,62.961660218079494
2024-02-29,non-censoring,31.849226247082218
2024-02-29,censoring,68.15077375291779
2024-03-01,non-censoring,36.54009154093914
2024-03-01,censoring,63.459908459060856
2024-03-02,non-censoring,38.70458135860979
2024-03-02,censoring,61.29541864139021
2024-03-03,non-censoring,36.97082888651725
2024-03-03,censoring,63.029171113482754
2024-03-04,non-censoring,36.90341650004347
2024-03-04,censoring,63.09658349995654
2024-03-05,non-censoring,33.17097333443408
2024-03-05,censoring,66.82902666556592
2024-03-06,non-censoring,29.34501460158532
2024-03-06,censoring,70.65498539841468
2024-03-07,non-censoring,33.36419493308644
2024-03-07,censoring,66.63580506691356
2024-03-08,non-censoring,39.7653086521775
2024-03-08,censoring,60.23469134782249
2024-03-09,non-censoring,44.31418522860493
2024-03-09,censoring,55.68581477139508
2024-03-10,non-censoring,42.595865672788754
2024-03-10,censoring,57.40413432721125
2024-03-11,non-censoring,37.56740101679249
2024-03-11,censoring,62.43259898320752
2024-03-12,non-censoring,36.733615221987314
2024-03-12,censoring,63.266384778012686
2024-03-13,non-censoring,42.8119349005425
2024-03-13,censoring,57.18806509945751
2024-03-14,non-censoring,35.614525139664806
2024-03-14,censoring,64.3854748603352
2024-03-15,non-censoring,35.138004246284495
2024-03-15,censoring,64.86199575371549
2024-03-16,non-censoring,31.918951132300354
2024-03-16,censoring,68.08104886769965
2024-03-17,non-censoring,29.853391332366684
2024-03-17,censoring,70.14660866763332
2024-03-18,non-censoring,31.516606642657063
2024-03-18,censoring,68.48339335734293
2024-03-19,non-censoring,34.21473684210527
2024-03-19,censoring,65.78526315789473
2024-03-20,non-censoring,26.888320545609552
2024-03-20,censoring,73.11167945439045
2024-03-21,non-censoring,32.026532868441194
2024-03-21,censoring,67.9734671315588
2024-03-22,non-censoring,37.19326526956833
2024-03-22,censoring,62.80673473043167
2024-03-23,non-censoring,31.522373135572035
2024-03-23,censoring,68.47762686442796
2024-03-24,non-censoring,35.284987496766405
2024-03-24,censoring,64.7150125032336
2024-03-25,non-censoring,31.936441417845295
2024-03-25,censoring,68.0635585821547
2024-03-26,non-censoring,34.82802547770701
2024-03-26,censoring,65.171974522293
2024-03-27,non-censoring,41.404133446861216
2024-03-27,censoring,58.595866553138784
2024-03-28,non-censoring,43.28137178487919
2024-03-28,censoring,56.718628215120816
2024-03-29,non-censoring,41.944273534323635
2024-03-29,censoring,58.05572646567636
2024-03-30,non-censoring,45.5598111695021
2024-03-30,censoring,54.4401888304979
2024-03-31,non-censoring,44.773244615654
2024-03-31,censoring,55.22675538434599
2024-04-01,non-censoring,39.884393063583815
2024-04-01,censoring,60.115606936416185
2024-04-02,non-censoring,43.146603098927294
2024-04-02,censoring,56.853396901072706
2024-04-03,non-censoring,34.7592167930852
2024-04-03,censoring,65.2407832069148
2024-04-04,non-censoring,36.635743042184494
2024-04-04,censoring,63.36425695781551
2024-04-05,non-censoring,37.878657856346
2024-04-05,censoring,62.12134214365399
2024-04-06,non-censoring,31.809297187048525
2024-04-06,censoring,68.19070281295147
2024-04-07,non-censoring,31.79466119096509
2024-04-07,censoring,68.20533880903491
2024-04-08,non-censoring,30.213733515234196
2024-04-08,censoring,69.7862664847658
2024-04-09,non-censoring,32.20897793558205
2024-04-09,censoring,67.79102206441796
2024-04-10,non-censoring,31.83093940894832
2024-04-10,censoring,68.16906059105168
2024-04-11,non-censoring,37.145698657384386
2024-04-11,censoring,62.854301342615614
2024-04-12,non-censoring,35.80796832467211
2024-04-12,censoring,64.19203167532788
2024-04-13,non-censoring,38.224404378622026
2024-04-13,censoring,61.775595621377974
2024-04-14,non-censoring,29.870651562625532
2024-04-14,censoring,70.12934843737447
2024-04-15,non-censoring,28.003554981013167
2024-04-15,censoring,71.99644501898683
2024-04-16,non-censoring,31.664293624426517
2024-04-16,censoring,68.3357063755735
2024-04-17,non-censoring,35.043877977434185
2024-04-17,censoring,64.95612202256582
2024-04-18,non-censoring,38.19789081885856
2024-04-18,censoring,61.80210918114144
2024-04-19,non-censoring,44.59122029802658
2024-04-19,censoring,55.40877970197342
2024-04-20,non-censoring,43.749505811654934
2024-04-20,censoring,56.25049418834506
2024-04-21,non-censoring,50.309052499804395
2024-04-21,censoring,49.690947500195605
2024-04-22,non-censoring,46.676265898728104
2024-04-22,censoring,53.3237341012719
2024-04-23,non-censoring,47.80814451452153
2024-04-23,censoring,52.19185548547847
2024-04-24,non-censoring,51.73975394369387
2024-04-24,censoring,48.26024605630614
2024-04-25,non-censoring,46.21654764480992
2024-04-25,censoring,53.78345235519008
2024-04-26,non-censoring,44.580882352941174
2024-04-26,censoring,55.419117647058826
2024-04-27,non-censoring,41.448752629996996
2024-04-27,censoring,58.551247370003004
2024-04-28,non-censoring,38.90533667349882
2024-04-28,censoring,61.09466332650118
2024-04-29,non-censoring,45.28052805280528
2024-04-29,censoring,54.71947194719472
2024-04-30,non-censoring,41.21551081282625
2024-04-30,censoring,58.78448918717375
2024-05-01,non-censoring,38.48937480751463
2024-05-01,censoring,61.51062519248537
2024-05-02,non-censoring,41.30028443722064
2024-05-02,censoring,58.69971556277935
2024-05-03,non-censoring,50.20295626866814
2024-05-03,censoring,49.797043731331854
2024-05-04,non-censoring,44.769574230585235
2024-05-04,censoring,55.23042576941477
2024-05-05,non-censoring,37.55726439790576
2024-05-05,censoring,62.442735602094245
2024-05-06,non-censoring,39.422529483529885
2024-05-06,censoring,60.577470516470115
2024-05-07,non-censoring,37.83806413798878
2024-05-07,censoring,62.16193586201122
2024-05-08,non-censoring,35.14199197970374
2024-05-08,censoring,64.85800802029627
2024-05-09,non-censoring,34.891069349742224
2024-05-09,censoring,65.10893065025778
2024-05-10,non-censoring,35.689784991215596
2024-05-10,censoring,64.31021500878441
2024-05-11,non-censoring,29.902928594932543
2024-05-11,censoring,70.09707140506745
2024-05-12,non-censoring,38.87855209742896
2024-05-12,censoring,61.12144790257105
2024-05-13,non-censoring,36.345194827149015
2024-05-13,censoring,63.654805172850985
2024-05-14,non-censoring,35.639621702339475
2024-05-14,censoring,64.36037829766053
2024-05-15,non-censoring,30.782666555768113
2024-05-15,censoring,69.21733344423188
2024-05-16,non-censoring,35.639061752034465
2024-05-16,censoring,64.36093824796554
2024-05-17,non-censoring,42.11419360312208
2024-05-17,censoring,57.88580639687792
2024-05-18,non-censoring,37.764350453172206
2024-05-18,censoring,62.2356495468278
2024-05-19,non-censoring,32.910189982728845
2024-05-19,censoring,67.08981001727116
2024-05-20,non-censoring,37.78439645900554
2024-05-20,censoring,62.21560354099446
2024-05-21,non-censoring,29.369927202744538
2024-05-21,censoring,70.63007279725547
2024-05-22,non-censoring,33.39594903626266
2024-05-22,censoring,66.60405096373734
2024-05-23,non-censoring,40.29995162070634
2024-05-23,censoring,59.700048379293655
2024-05-24,non-censoring,38.719561361070795
2024-05-24,censoring,61.280438638929205
2024-05-25,non-censoring,43.35033346410357
2024-05-25,censoring,56.64966653589643
2024-05-26,non-censoring,45.45746646316973
2024-05-26,censoring,54.54253353683026
2024-05-27,non-censoring,48.245956715368386
2024-05-27,censoring,51.754043284631614
2024-05-28,non-censoring,48.26672898652333
2024-05-28,censoring,51.73327101347667
2024-05-29,non-censoring,49.99241964827168
2024-05-29,censoring,50.00758035172832
2024-05-30,non-censoring,43.27848494256442
2024-05-30,censoring,56.72151505743558
2024-05-31,non-censoring,45.95454545454545
2024-05-31,censoring,54.04545454545454
2024-06-01,non-censoring,42.254072681704265
2024-06-01,censoring,57.74592731829574
2024-06-02,non-censoring,41.51529636711281
2024-06-02,censoring,58.48470363288719
2024-06-03,non-censoring,42.75688037221039
2024-06-03,censoring,57.24311962778961
2024-06-04,non-censoring,40.53225806451613
2024-06-04,censoring,59.46774193548387
2024-06-05,non-censoring,38.63041927558057
2024-06-05,censoring,61.369580724419436
2024-06-06,non-censoring,43.677370030581045
2024-06-06,censoring,56.322629969418955
2024-06-07,non-censoring,50.03780432481476
2024-06-07,censoring,49.96219567518524
2024-06-08,non-censoring,47.71597265382225
2024-06-08,censoring,52.28402734617775
2024-06-09,non-censoring,41.74695437534835
2024-06-09,censoring,58.25304562465165
2024-06-10,non-censoring,41.390091390091385
2024-06-10,censoring,58.609908609908615
2024-06-11,non-censoring,42.28472658705217
2024-06-11,censoring,57.71527341294783
2024-06-12,non-censoring,35.30642750373692
2024-06-12,censoring,64.69357249626307
2024-06-13,non-censoring,39.35474494986194
2024-06-13,censoring,60.64525505013806
2024-06-14,non-censoring,42.5111441307578
2024-06-14,censoring,57.488855869242194
2024-06-15,non-censoring,37.930783242258656
2024-06-15,censoring,62.06921675774135
2024-06-16,non-censoring,43.574690150032616
2024-06-16,censoring,56.425309849967384
2024-06-17,non-censoring,42.22917703961875
2024-06-17,censoring,57.77082296038125
2024-06-18,non-censoring,35.50295857988166
2024-06-18,censoring,64.49704142011834
2024-06-19,non-censoring,34.45013795821837
2024-06-19,censoring,65.54986204178164
2024-06-20,non-censoring,40.89012517385257
2024-06-20,censoring,59.109874826147426
2024-06-21,non-censoring,41.33653771610202
2024-06-21,censoring,58.66346228389797
2024-06-22,non-censoring,43.443420954092716
2024-06-22,censoring,56.556579045907284
2024-06-23,non-censoring,52.6694122051666
2024-06-23,censoring,47.3305877948334
2024-06-24,non-censoring,51.78347241710362
2024-06-24,censoring,48.21652758289639
2024-06-25,non-censoring,36.58683084315639
2024-06-25,censoring,63.41316915684361
2024-06-26,non-censoring,35.84714763794848
2024-06-26,censoring,64.15285236205153
2024-06-27,non-censoring,44.15410120786295
2024-06-27,censoring,55.84589879213705
2024-06-28,non-censoring,43.02112029384757
2024-06-28,censoring,56.978879706152426
2024-06-29,non-censoring,40.35891561664757
2024-06-29,censoring,59.64108438335243
2024-06-30,non-censoring,37.659894657637324
2024-06-30,censoring,62.34010534236268
2024-07-01,non-censoring,32.003017729158806
2024-07-01,censoring,67.99698227084119
2024-07-02,non-censoring,32.788409390253356
2024-07-02,censoring,67.21159060974665
2024-07-03,non-censoring,41.448042227999686
2024-07-03,censoring,58.55195777200032
2024-07-04,non-censoring,37.08365910867866
2024-07-04,censoring,62.91634089132134
2024-07-05,non-censoring,37.921432871764
2024-07-05,censoring,62.078567128236
2024-07-06,non-censoring,33.31272699173171
2024-07-06,censoring,66.6872730082683
2024-07-07,non-censoring,41.580170410534464
2024-07-07,censoring,58.419829589465536
2024-07-08,non-censoring,41.2674611317181
2024-07-08,censoring,58.7325388682819
2024-07-09,non-censoring,35.258916460544164
2024-07-09,censoring,64.74108353945583
2024-07-10,non-censoring,41.66868784865389
2024-07-10,censoring,58.331312151346104
2024-07-11,non-censoring,46.73401846368229
2024-07-11,censoring,53.26598153631772
2024-07-12,non-censoring,85.78798468963221
2024-07-12,censoring,14.212015310367782
2024-07-13,non-censoring,83.34439834024896
2024-07-13,censoring,16.65560165975104
2024-07-14,non-censoring,84.69837769727516
2024-07-14,censoring,15.301622302724837
2024-07-15,non-censoring,90.75425790754258
2024-07-15,censoring,9.245742092457421
2024-07-16,non-censoring,89.36543367346938
2024-07-16,censoring,10.634566326530612
2024-07-17,non-censoring,88.45092629089476
2024-07-17,censoring,11.549073709105242
2024-07-18,non-censoring,92.62132847755522
2024-07-18,censoring,7.378671522444778
2024-07-19,non-censoring,91.46224146224147
2024-07-19,censoring,8.537758537758537
2024-07-20,non-censoring,91.11531190926276
2024-07-20,censoring,8.88468809073724
2024-07-21,non-censoring,93.7418407310705
2024-07-21,censoring,6.2581592689295045
2024-07-22,non-censoring,91.19806373537716
2024-07-22,censoring,8.801936264622832
2024-07-23,non-censoring,91.16017727128838
2024-07-23,censoring,8.839822728711617
2024-07-24,non-censoring,86.72275641025641
2024-07-24,censoring,13.27724358974359
2024-07-25,non-censoring,91.48493424338272
2024-07-25,censoring,8.515065756617279
2024-07-26,non-censoring,88.94723886108147
2024-07-26,censoring,11.05276113891852
2024-07-27,non-censoring,92.5393511082557
2024-07-27,censoring,7.460648891744298
2024-07-28,non-censoring,93.61336664584634
2024-07-28,censoring,6.386633354153654
2024-07-29,non-censoring,93.18308070788032
2024-07-29,censoring,6.816919292119674
2024-07-30,non-censoring,92.15624258717482
2024-07-30,censoring,7.843757412825175
2024-07-31,non-censoring,94.8892811296534
2024-07-31,censoring,5.110718870346599
2024-08-01,non-censoring,94.8452775309041
2024-08-01,censoring,5.154722469095904
2024-08-02,non-censoring,93.40337161006596
2024-08-02,censoring,6.596628389934034
2024-08-03,non-censoring,89.99594977723775
2024-08-03,censoring,10.004050222762253
2024-08-04,non-censoring,87.1010418389284
2024-08-04,censoring,12.898958161071604
2024-08-05,non-censoring,87.30080499425003
2024-08-05,censoring,12.699195005749958
2024-08-06,non-censoring,74.56593546201405
2024-08-06,censoring,25.43406453798594
2024-08-07,non-censoring,85.41074117450226
2024-08-07,censoring,14.589258825497742
2024-08-08,non-censoring,87.98165137614679
2024-08-08,censoring,12.018348623853212
2024-08-09,non-censoring,92.63149324214297
2024-08-09,censoring,7.368506757857027
2024-08-10,non-censoring,93.63302002451982
2024-08-10,censoring,6.366979975480181
2024-08-11,non-censoring,91.3858293605129
2024-08-11,censoring,8.614170639487096
2024-08-12,non-censoring,89.71535763803932
2024-08-12,censoring,10.284642361960689
2024-08-13,non-censoring,92.81214666451301
2024-08-13,censoring,7.187853335486998
2024-08-14,non-censoring,93.63087300964781
2024-08-14,censoring,6.369126990352185
2024-08-15,non-censoring,94.8363926576217
2024-08-15,censoring,5.163607342378293
2024-08-16,non-censoring,95.15757720092085
2024-08-16,censoring,4.842422799079146
2024-08-17,non-censoring,92.75706677591151
2024-08-17,censoring,7.242933224088488
2024-08-18,non-censoring,93.672
2024-08-18,censoring,6.328
2024-08-19,non-censoring,95.02820306204673
2024-08-19,censoring,4.971796937953264
2024-08-20,non-censoring,94.24157303370787
2024-08-20,censoring,5.758426966292135
2024-08-21,non-censoring,93.91622340425532
2024-08-21,censoring,6.083776595744681
2024-08-22,non-censoring,91.44468050335021
2024-08-22,censoring,8.55531949664978
2024-08-23,non-censoring,94.9128747212817
2024-08-23,censoring,5.087125278718309
2024-08-24,non-censoring,90.96687855470057
2024-08-24,censoring,9.033121445299432
2024-08-25,non-censoring,90.7877813504823
2024-08-25,censoring,9.212218649517686
2024-08-26,non-censoring,91.91450584044404
2024-08-26,censoring,8.08549415955596
2024-08-27,non-censoring,93.1706114398422
2024-08-27,censoring,6.829388560157791
2024-08-28,non-censoring,91.51851247757298
2024-08-28,censoring,8.48148752242701
2024-08-29,non-censoring,90.97216553750714
2024-08-29,censoring,9.027834462492859
2024-08-30,non-censoring,93.68826788725609
2024-08-30,censoring,6.311732112743917
2024-08-31,non-censoring,93.47295488544209
2024-08-31,censoring,6.527045114557908
2024-09-01,non-censoring,93.65409823425091
2024-09-01,censoring,6.345901765749094
2024-09-02,non-censoring,90.99163679808842
2024-09-02,censoring,9.008363201911589
2024-09-03,non-censoring,95.19647216316245
2024-09-03,censoring,4.803527836837547
2024-09-04,non-censoring,96.80673603939948
2024-09-04,censoring,3.1932639606005244
2024-09-05,non-censoring,96.7608436132113
2024-09-05,censoring,3.2391563867886988
2024-09-06,non-censoring,98.16535248653291
2024-09-06,censoring,1.8346475134670934
2024-09-07,non-censoring,94.7748447204969
2024-09-07,censoring,5.225155279503105
2024-09-08,non-censoring,95.8935712088588
2024-09-08,censoring,4.106428791141187
2024-09-09,non-censoring,93.14067700300349
2024-09-09,censoring,6.85932299699651
2024-09-10,non-censoring,95.47291230170607
2024-09-10,censoring,4.527087698293924
2024-09-11,non-censoring,96.51011836578847
2024-09-11,censoring,3.4898816342115313
2024-09-12,non-censoring,95.2442575218376
2024-09-12,censoring,4.755742478162407
2024-09-13,non-censoring,95.89723320158102
2024-09-13,censoring,4.102766798418973
2024-09-14,non-censoring,93.22303531657651
2024-09-14,censoring,6.776964683423481
2024-09-15,non-censoring,96.59879167599016
2024-09-15,censoring,3.401208324009845
2024-09-16,non-censoring,96.24253421032736
2024-09-16,censoring,3.757465789672639
2024-09-17,non-censoring,95.192234776674
2024-09-17,censoring,4.807765223326003
2024-09-18,non-censoring,96.8996282527881
2024-09-18,censoring,3.100371747211896
2024-09-19,non-censoring,97.33061045875574
2024-09-19,censoring,2.6693895412442563
2024-09-20,non-censoring,95.61158482799176
2024-09-20,censoring,4.388415172008233
2024-09-21,non-censoring,95.29333530367963
2024-09-21,censoring,4.706664696320378
2024-09-22,non-censoring,96.61603673613564
2024-09-22,censoring,3.3839632638643593
2024-09-23,non-censoring,98.15199335548172
2024-09-23,censoring,1.8480066445182723
2024-09-24,non-censoring,97.8545376528642
2024-09-24,censoring,2.145462347135808
2024-09-25,non-censoring,98.09845005740529
2024-09-25,censoring,1.9015499425947184
2024-09-26,non-censoring,98.33985790923589
2024-09-26,censoring,1.6601420907641002
2024-09-27,non-censoring,97.48182567638463
2024-09-27,censoring,2.5181743236153786
2024-09-28,non-censoring,97.52628791890461
2024-09-28,censoring,2.473712081095393
2024-09-29,non-censoring,97.28558394160584
2024-09-29,censoring,2.7144160583941606
2024-09-30,non-censoring,97.91507560714831
2024-09-30,censoring,2.0849243928516876
2024-10-01,non-censoring,96.86842895764494
2024-10-01,censoring,3.1315710423550613
2024-10-02,non-censoring,94.92854923889406
2024-10-02,censoring,5.071450761105933
2024-10-03,non-censoring,95.47359597652975
2024-10-03,censoring,4.526404023470243
2024-10-04,non-censoring,94.66257668711656
2024-10-04,censoring,5.337423312883435
2024-10-05,non-censoring,96.40602955372391
2024-10-05,censoring,3.5939704462760824
2024-10-06,non-censoring,97.90690866510539
2024-10-06,censoring,2.0930913348946136
2024-10-07,non-censoring,97.98465179660045
2024-10-07,censoring,2.0153482033995553
2024-10-08,non-censoring,96.96903140786294
2024-10-08,censoring,3.0309685921370524
2024-10-09,non-censoring,98.0842351564785
2024-10-09,censoring,1.9157648435214973
2024-10-10,non-censoring,98.10388666908827
2024-10-10,censoring,1.8961133309117326
2024-10-11,non-censoring,97.95191451469279
2024-10-11,censoring,2.0480854853072126
2024-10-12,non-censoring,97.0338664864459
2024-10-12,censoring,2.966133513554104
2024-10-13,non-censoring,97.99939144987069
2024-10-13,censoring,2.000608550129317
2024-10-14,non-censoring,97.81692261367057
2024-10-14,censoring,2.1830773863294186
2024-10-15,non-censoring,95.2963382408456
2024-10-15,censoring,4.703661759154397
2024-10-16,non-censoring,96.0439229843562
2024-10-16,censoring,3.9560770156438023
2024-10-17,non-censoring,96.2804328223625
2024-10-17,censoring,3.719567177637511
2024-10-18,non-censoring,97.27259432582626
2024-10-18,censoring,2.727405674173735
2024-10-19,non-censoring,96.52698863636363
2024-10-19,censoring,3.4730113636363633
2024-10-20,non-censoring,97.50787739902607
2024-10-20,censoring,2.492122600973933
2024-10-21,non-censoring,95.90263402098651
2024-10-21,censoring,4.0973659790134915
2024-10-22,non-censoring,96.87831061515644
2024-10-22,censoring,3.1216893848435623
2024-10-23,non-censoring,97.42380516646723
2024-10-23,censoring,2.5761948335327656
2024-10-24,non-censoring,96.89310898554771
2024-10-24,censoring,3.1068910144522794
2024-10-25,non-censoring,97.2158708809684
2024-10-25,censoring,2.7841291190316073
2024-10-26,non-censoring,96.29755204448362
2024-10-26,censoring,3.702447955516376
2024-10-27,non-censoring,96.95211417900494
2024-10-27,censoring,3.0478858209950648
2024-10-28,non-censoring,97.80887011615629
2024-10-28,censoring,2.191129883843717
2024-10-29,non-censoring,96.75418647922265
2024-10-29,censoring,3.2458135207773418
2024-10-30,non-censoring,96.69724770642202
2024-10-30,censoring,3.302752293577982
2024-10-31,non-censoring,95.995670995671
2024-10-31,censoring,4.004329004329004
2024-11-01,non-censoring,95.870265914585
2024-11-01,censoring,4.129734085414988
2024-11-02,non-censoring,96.60204012700129
2024-11-02,censoring,3.3979598729987166
2024-11-03,non-censoring,97.90844241290948
2024-11-03,censoring,2.0915575870905188
2024-11-04,non-censoring,97.22260797111512
2024-11-04,censoring,2.777392028884877
2024-11-05,non-censoring,97.22581083837628
2024-11-05,censoring,2.774189161623717
2024-11-06,non-censoring,97.20981375850457
2024-11-06,censoring,2.79018624149543
2024-11-07,non-censoring,95.25338068569867
2024-11-07,censoring,4.746619314301325
2024-11-08,non-censoring,96.109490065305
2024-11-08,censoring,3.890509934695012
2024-11-09,non-censoring,97.59206798866855
2024-11-09,censoring,2.4079320113314444
2024-11-10,non-censoring,97.91298195967457
2024-11-10,censoring,2.0870180403254333
2024-11-11,non-censoring,96.30791161796151
2024-11-11,censoring,3.692088382038489
2024-11-12,non-censoring,96.16078866981394
2024-11-12,censoring,3.8392113301860595
2024-11-13,non-censoring,94.93180087239493
2024-11-13,censoring,5.068199127605069
2024-11-14,non-censoring,94.93227306422266
2024-11-14,censoring,5.067726935777343
2024-11-15,non-censoring,95.87426326129666
2024-11-15,censoring,4.12573673870334
2024-11-16,non-censoring,96.14812812542235
2024-11-16,censoring,3.8518718745776455
2024-11-17,non-censoring,97.73561811505508
2024-11-17,censoring,2.2643818849449207
2024-11-18,non-censoring,97.0463851782238
2024-11-18,censoring,2.953614821776197
2024-11-19,non-censoring,95.47852801709745
2024-11-19,censoring,4.521471982902558
2024-11-20,non-censoring,96.24991584191746
2024-11-20,censoring,3.7500841580825424
2024-11-21,non-censoring,95.87962311911123
2024-11-21,censoring,4.120376880888764
2024-11-22,non-censoring,92.6549819273
2024-11-22,censoring,7.345018072699993
2024-11-23,non-censoring,93.39839665388638
2024-11-23,censoring,6.601603346113628
2024-11-24,non-censoring,94.22428330522766
2024-11-24,censoring,5.775716694772344
2024-11-25,non-censoring,95.76893489055178
2024-11-25,censoring,4.231065109448213
2024-11-26,non-censoring,94.03548258969946
2024-11-26,censoring,5.964517410300543
2024-11-27,non-censoring,94.83976099945681
2024-11-27,censoring,5.160239000543183
2024-11-28,non-censoring,94.84897125346563
2024-11-28,censoring,5.151028746534365
2024-11-29,non-censoring,96.05677130671887
2024-11-29,censoring,3.94322869328113
2024-11-30,non-censoring,96.66986432780594
2024-11-30,censoring,3.3301356721940527
2024-12-01,non-censoring,96.39614664910944
2024-12-01,censoring,3.603853350890568
2024-12-02,non-censoring,97.5363406810892
2024-12-02,censoring,2.4636593189108034
2024-12-03,non-censoring,95.56048834628191
2024-12-03,censoring,4.439511653718091
2024-12-04,non-censoring,94.81419855795896
2024-12-04,censoring,5.1858014420410425
2024-12-05,non-censoring,94.55411844792377
2024-12-05,censoring,5.445881552076242
2024-12-06,non-censoring,93.21928674898254
2024-12-06,censoring,6.780713251017452
2024-12-07,non-censoring,93.75559534467324
2024-12-07,censoring,6.244404655326768
2024-12-08,non-censoring,96.10748723766307
2024-12-08,censoring,3.8925127623369256
2024-12-09,non-censoring,97.60288502333475
2024-12-09,censoring,2.3971149766652524
2024-12-10,non-censoring,94.33061054963312
2024-12-10,censoring,5.669389450366884
2024-12-11,non-censoring,94.20504044803982
2024-12-11,censoring,5.794959551960174
2024-12-12,non-censoring,96.483102974166
2024-12-12,censoring,3.516897025833997
2024-12-13,non-censoring,97.05241126711432
2024-12-13,censoring,2.947588732885672
2024-12-14,non-censoring,98.35090105406324
2024-12-14,censoring,1.6490989459367562
2024-12-15,non-censoring,98.17321688500728
2024-12-15,censoring,1.8267831149927218
2024-12-16,non-censoring,98.07308970099668
2024-12-16,censoring,1.9269102990033222
2024-12-17,non-censoring,97.2462957785854
2024-12-17,censoring,2.7537042214145933
2024-12-18,non-censoring,97.81818181818181
2024-12-18,censoring,2.181818181818182
2024-12-19,non-censoring,95.37933401991074
2024-12-19,censoring,4.620665980089255
2024-12-20,non-censoring,91.50628506498118
2024-12-20,censoring,8.49371493501882
2024-12-21,non-censoring,91.59575216259934
2024-12-21,censoring,8.40424783740066
2024-12-22,non-censoring,95.85296889726673
2024-12-22,censoring,4.147031102733271
2024-12-23,non-censoring,97.17572501205484
2024-12-23,censoring,2.8242749879451674
2024-12-24,non-censoring,95.26533425223982
2024-12-24,censoring,4.7346657477601655
2024-12-25,non-censoring,96.18029549942125
2024-12-25,censoring,3.819704500578743
2024-12-26,non-censoring,95.48578859372098
2024-12-26,censoring,4.514211406279026
2024-12-27,non-censoring,62.09667525456999
2024-12-27,censoring,37.903324745430005
2024-12-28,non-censoring,59.06472174552586
2024-12-28,censoring,40.935278254474134
2024-12-29,non-censoring,68.63591298769464
2024-12-29,censoring,31.364087012305358
2024-12-30,non-censoring,60.177907756047034
2024-12-30,censoring,39.822092243952966
2024-12-31,non-censoring,58.490799826528715
2024-12-31,censoring,41.509200173471285
2025-01-01,non-censoring,58.80570635020831
2025-01-01,censoring,41.19429364979169
2025-01-02,non-censoring,61.79292300024919
2025-01-02,censoring,38.20707699975081
2025-01-03,non-censoring,63.41094647716964
2025-01-03,censoring,36.58905352283036
2025-01-04,non-censoring,62.202927942201654
2025-01-04,censoring,37.797072057798346
2025-01-05,non-censoring,65.41790384736875
2025-01-05,censoring,34.582096152631244
2025-01-06,non-censoring,68.81602247053794
2025-01-06,censoring,31.183977529462048
2025-01-07,non-censoring,64.65785865636295
2025-01-07,censoring,35.342141343637046
2025-01-08,non-censoring,56.9046114971573
2025-01-08,censoring,43.0953885028427
2025-01-09,non-censoring,61.32701421800948
2025-01-09,censoring,38.67298578199052
2025-01-10,non-censoring,60.164168894969215
2025-01-10,censoring,39.835831105030785
2025-01-11,non-censoring,61.86244674376141
2025-01-11,censoring,38.13755325623859
2025-01-12,non-censoring,64.11265899454875
2025-01-12,censoring,35.88734100545124
2025-01-13,non-censoring,65.67822570763386
2025-01-13,censoring,34.32177429236613
2025-01-14,non-censoring,57.498087222647285
2025-01-14,censoring,42.50191277735272
2025-01-15,non-censoring,64.12644990684537
2025-01-15,censoring,35.87355009315464
2025-01-16,non-censoring,65.6262761799195
2025-01-16,censoring,34.37372382008051
2025-01-17,non-censoring,57.210608424336975
2025-01-17,censoring,42.789391575663025
2025-01-18,non-censoring,57.4406054214999
2025-01-18,censoring,42.55939457850009
2025-01-19,non-censoring,59.440431002816204
2025-01-19,censoring,40.55956899718379
2025-01-20,non-censoring,55.903749300503634
2025-01-20,censoring,44.096250699496366
2025-01-21,non-censoring,53.515455615437034
2025-01-21,censoring,46.48454438456297
2025-01-22,non-censoring,58.53450896929158
2025-01-22,censoring,41.46549103070842
2025-01-23,non-censoring,59.1287980639957
2025-01-23,censoring,40.871201936004304
2025-01-24,non-censoring,59.151727721486104
2025-01-24,censoring,40.848272278513896
2025-01-25,non-censoring,56.22766551880969
2025-01-25,censoring,43.772334481190306
2025-01-26,non-censoring,52.68543956043956
2025-01-26,censoring,47.31456043956044
2025-01-27,non-censoring,51.765348630745066
2025-01-27,censoring,48.234651369254934
2025-01-28,non-censoring,49.36045720506191
2025-01-28,censoring,50.63954279493809
2025-01-29,non-censoring,55.02370591673703
2025-01-29,censoring,44.97629408326297
2025-01-30,non-censoring,55.399339933993396
2025-01-30,censoring,44.600660066006604
2025-01-31,non-censoring,59.24812991496707
2025-01-31,censoring,40.75187008503293
2025-02-01,non-censoring,55.76333929027317
2025-02-01,censoring,44.236660709726834
2025-02-02,non-censoring,58.00026038276266
2025-02-02,censoring,41.99973961723734
2025-02-03,non-censoring,53.24558587479936
2025-02-03,censoring,46.75441412520065
2025-02-04,non-censoring,51.371348386273766
2025-02-04,censoring,48.62865161372624
2025-02-05,non-censoring,53.86360689744587
2025-02-05,censoring,46.13639310255413
2025-02-06,non-censoring,50.1234880628206
2025-02-06,censoring,49.87651193717941
2025-02-07,non-censoring,52.09573335004073
2025-02-07,censoring,47.904266649959276
2025-02-08,non-censoring,43.251730325557546
2025-02-08,censoring,56.748269674442454
2025-02-09,non-censoring,49.44526390046816
2025-02-09,censoring,50.55473609953184
2025-02-10,non-censoring,57.05168314353648
2025-02-10,censoring,42.94831685646352
2025-02-11,non-censoring,54.50843513670739
2025-02-11,censoring,45.49156486329261
2025-02-12,non-censoring,59.29744177166858
2025-02-12,censoring,40.70255822833143
2025-02-13,non-censoring,53.76999238385377
2025-02-13,censoring,46.23000761614623
2025-02-14,non-censoring,49.38748009310302
2025-02-14,censoring,50.61251990689697
2025-02-15,non-censoring,59.70821325648416
2025-02-15,censoring,40.29178674351585
2025-02-16,non-censoring,81.05481879850883
2025-02-16,censoring,18.945181201491167
2025-02-17,non-censoring,83.44079355238686
2025-02-17,censoring,16.559206447613143
2025-02-18,non-censoring,85.36066524850125
2025-02-18,censoring,14.639334751498742
2025-02-19,non-censoring,80.75218354842914
2025-02-19,censoring,19.247816451570852
2025-02-20,non-censoring,82.01105736005529
2025-02-20,censoring,17.988942639944714
2025-02-21,non-censoring,82.89436218678816
2025-02-21,censoring,17.105637813211846
2025-02-22,non-censoring,78.70383992938062
2025-02-22,censoring,21.29616007061939
2025-02-23,non-censoring,83.35357522392592
2025-02-23,censoring,16.646424776074085
2025-02-24,non-censoring,78.75831485587584
2025-02-24,censoring,21.24168514412417
2025-02-25,non-censoring,73.02808485210636
2025-02-25,censoring,26.97191514789364
2025-02-26,non-censoring,72.86014090840953
2025-02-26,censoring,27.139859091590466
2025-02-27,non-censoring,70.6590909090909
2025-02-27,censoring,29.34090909090909
2025-02-28,non-censoring,71.39999999999999
2025-02-28,censoring,28.599999999999998
2025-03-01,non-censoring,67.91421063844896
2025-03-01,censoring,32.08578936155103
2025-03-02,non-censoring,73.46651868294488
2025-03-02,censoring,26.533481317055124
2025-03-03,non-censoring,70.92873497424156
2025-03-03,censoring,29.071265025758443
2025-03-04,non-censoring,69.22631121414082
2025-03-04,censoring,30.77368878585917
2025-03-05,non-censoring,70.21756530597395
2025-03-05,censoring,29.78243469402605
2025-03-06,non-censoring,76.2936753648828
2025-03-06,censoring,23.706324635117205
2025-03-07,non-censoring,80.73231950391259
2025-03-07,censoring,19.267680496087404
2025-03-08,non-censoring,80.30207235686689
2025-03-08,censoring,19.697927643133124
2025-03-09,non-censoring,85.23005812731984
2025-03-09,censoring,14.769941872680159
2025-03-10,non-censoring,79.89866037342959
2025-03-10,censoring,20.101339626570418
2025-03-11,non-censoring,76.42396184062851
2025-03-11,censoring,23.576038159371492
2025-03-12,non-censoring,78.14394203302444
2025-03-12,censoring,21.856057966975545
2025-03-13,non-censoring,78.26918987880076
2025-03-13,censoring,21.730810121199234
2025-03-14,non-censoring,79.55087719298245
2025-03-14,censoring,20.449122807017545
2025-03-15,non-censoring,79.16165971584081
2025-03-15,censoring,20.838340284159184
2025-03-16,non-censoring,80.5471542480066
2025-03-16,censoring,19.4528457519934
2025-03-17,non-censoring,82.87130135018673
2025-03-17,censoring,17.128698649813273
2025-03-18,non-censoring,81.61540100873765
2025-03-18,censoring,18.384598991262344
2025-03-19,non-censoring,83.11822405782138
2025-03-19,censoring,16.881775942178624
2025-03-20,non-censoring,82.76733298654975
2025-03-20,censoring,17.232667013450246
2025-03-21,non-censoring,89.03379205994668
2025-03-21,censoring,10.96620794005332
2025-03-22,non-censoring,87.56507511527592
2025-03-22,censoring,12.434924884724081
2025-03-23,non-censoring,89.63693539165237
2025-03-23,censoring,10.363064608347628
2025-03-24,non-censoring,86.25862797577125
2025-03-24,censoring,13.741372024228765
2025-03-25,non-censoring,88.30459158328011
2025-03-25,censoring,11.695408416719893
2025-03-26,non-censoring,87.52896871378911
2025-03-26,censoring,12.471031286210891
2025-03-27,non-censoring,85.13908205841446
2025-03-27,censoring,14.860917941585535
2025-03-28,non-censoring,86.99580743096719
2025-03-28,censoring,13.004192569032819
2025-03-29,non-censoring,86.16057482036862
2025-03-29,censoring,13.839425179631364
2025-03-30,non-censoring,84.23557406305771
2025-03-30,censoring,15.764425936942297
2025-03-31,non-censoring,84.71421271625667
2025-03-31,censoring,15.285787283743337
2025-04-01,non-censoring,91.31467995400536
2025-04-01,censoring,8.685320045994633
2025-04-02,non-censoring,91.97578172900062
2025-04-02,censoring,8.024218270999386
2025-04-03,non-censoring,87.93052475979304
2025-04-03,censoring,12.069475240206948
2025-04-04,non-censoring,87.32302330646918
2025-04-04,censoring,12.67697669353082
2025-04-05,non-censoring,85.54465301478953
2025-04-05,censoring,14.455346985210465
2025-04-06,non-censoring,87.93962793962794
2025-04-06,censoring,12.06037206037206
2025-04-07,non-censoring,84.93609888958727
2025-04-07,censoring,15.06390111041274
2025-04-08,non-censoring,86.38924095197859
2025-04-08,censoring,13.610759048021407
2025-04-09,non-censoring,86.04252889967175
2025-04-09,censoring,13.957471100328242
2025-04-10,non-censoring,87.07251825609139
2025-04-10,censoring,12.927481743908611
2025-04-11,non-censoring,88.29529243937233
2025-04-11,censoring,11.704707560627675
2025-04-12,non-censoring,89.05550422855518
2025-04-12,censoring,10.944495771444815
2025-04-13,non-censoring,90.39703854249836
2025-04-13,censoring,9.602961457501632
2025-04-14,non-censoring,84.8581124990974
2025-04-14,censoring,15.141887500902593
2025-04-15,non-censoring,85.50210114476164
2025-04-15,censoring,14.497898855238372
2025-04-16,non-censoring,85.93209571539492
2025-04-16,censoring,14.067904284605067
2025-04-17,non-censoring,88.94002588810585
2025-04-17,censoring,11.059974111894148
2025-04-18,non-censoring,92.51190304429375
2025-04-18,censoring,7.488096955706247
2025-04-19,non-censoring,94.91562729273662
2025-04-19,censoring,5.084372707263389
2025-04-20,non-censoring,94.92894755824858
2025-04-20,censoring,5.071052441751425
2025-04-21,non-censoring,93.84248899155418
2025-04-21,censoring,6.157511008445824
2025-04-22,non-censoring,93.39649727246626
2025-04-22,censoring,6.603502727533734
2025-04-23,non-censoring,92.1333623883199
2025-04-23,censoring,7.866637611680105
2025-04-24,non-censoring,91.27962085308057
2025-04-24,censoring,8.72037914691943
2025-04-25,non-censoring,93.8570499385705
2025-04-25,censoring,6.1429500614295005
2025-04-26,non-censoring,92.98958014097455
2025-04-26,censoring,7.010419859025436
2025-04-27,non-censoring,94.9487895716946
2025-04-27,censoring,5.0512104283054
2025-04-28,non-censoring,94.85062893081762
2025-04-28,censoring,5.14937106918239
2025-04-29,non-censoring,93.02361475536348
2025-04-29,censoring,6.976385244636518
2025-04-30,non-censoring,95.97733711048159
2025-04-30,censoring,4.022662889518413
2025-05-01,non-censoring,94.70015193493609
2025-05-01,censoring,5.299848065063903
2025-05-02,non-censoring,93.70359928578141
2025-05-02,censoring,6.296400714218589
2025-05-03,non-censoring,94.46640316205533
2025-05-03,censoring,5.533596837944664
2025-05-04,non-censoring,94.81150793650794
2025-05-04,censoring,5.188492063492064
2025-05-05,non-censoring,95.23622819055088
2025-05-05,censoring,4.7637718094491275
2025-05-06,non-censoring,93.09213897714461
2025-05-06,censoring,6.907861022855386
2025-05-07,non-censoring,96.35308744301699
2025-05-07,censoring,3.6469125569830085
2025-05-08,non-censoring,94.46430505904019
2025-05-08,censoring,5.535694940959809
2025-05-09,non-censoring,89.61926456231696
2025-05-09,censoring,10.380735437683047
2025-05-10,non-censoring,85.07364255880412
2025-05-10,censoring,14.926357441195867
2025-05-11,non-censoring,92.5107699105269
2025-05-11,censoring,7.489230089473104
2025-05-12,non-censoring,94.24235661682661
2025-05-12,censoring,5.757643383173399
2025-05-13,non-censoring,91.5782419300793
2025-05-13,censoring,8.421758069920697
2025-05-14,non-censoring,92.24745497259201
2025-05-14,censoring,7.752545027407988
2025-05-15,non-censoring,92.6178183016588
2025-05-15,censoring,7.382181698341206
2025-05-16,non-censoring,90.47619047619048
2025-05-16,censoring,9.523809523809524
2025-05-17,non-censoring,92.61963603684565
2025-05-17,censoring,7.380363963154347
2025-05-18,non-censoring,90.85765006102297
2025-05-18,censoring,9.142349938977032
2025-05-19,non-censoring,89.35302546015652
2025-05-19,censoring,10.646974539843491
2025-05-20,non-censoring,87.38223418573351
2025-05-20,censoring,12.617765814266487
2025-05-21,non-censoring,91.66099387338326
2025-05-21,censoring,8.339006126616747
2025-05-22,non-censoring,90.38850213339322
2025-05-22,censoring,9.611497866606781
2025-05-23,non-censoring,91.66380396198328
2025-05-23,censoring,8.33619603801672
2025-05-24,non-censoring,88.47699866011612
2025-05-24,censoring,11.523001339883878
2025-05-25,non-censoring,89.65024197096348
2025-05-25,censoring,10.349758029036515
2025-05-26,non-censoring,91.86964742520298
2025-05-26,censoring,8.13035257479702
2025-05-27,non-censoring,91.42021814910603
2025-05-27,censoring,8.57978185089396
2025-05-28,non-censoring,92.02646630032523
2025-05-28,censoring,7.973533699674778
2025-05-29,non-censoring,90.14222125719249
2025-05-29,censoring,9.857778742807513
2025-05-30,non-censoring,89.81209948951884
2025-05-30,censoring,10.187900510481155
2025-05-31,non-censoring,89.73823141223053
2025-05-31,censoring,10.261768587769469
2025-06-01,non-censoring,91.00989237960648
2025-06-01,censoring,8.990107620393522
2025-06-02,non-censoring,92.8679817905918
2025-06-02,censoring,7.132018209408194
2025-06-03,non-censoring,93.66304347826086
2025-06-03,censoring,6.33695652173913
2025-06-04,non-censoring,94.90801576872536
2025-06-04,censoring,5.091984231274639
2025-06-05,non-censoring,95.26742301458671
2025-06-05,censoring,4.73257698541329
2025-06-06,non-censoring,93.61408719635091
2025-06-06,censoring,6.385912803649093
2025-06-07,non-censoring,94.71133132270573
2025-06-07,censoring,5.28866867729427
2025-06-08,non-censoring,94.72134595162987
2025-06-08,censoring,5.278654048370137
2025-06-09,non-censoring,95.03724802804557
2025-06-09,censoring,4.962751971954426
2025-06-10,non-censoring,93.8701409653994
2025-06-10,censoring,6.129859034600598
2025-06-11,non-censoring,93.11351351351351
2025-06-11,censoring,6.886486486486485
2025-06-12,non-censoring,94.9089359889232
2025-06-12,censoring,5.091064011076792
2025-06-13,non-censoring,93.38721528288023
2025-06-13,censoring,6.612784717119764
2025-06-14,non-censoring,92.58867125463209
2025-06-14,censoring,7.4113287453679195
2025-06-15,non-censoring,93.92031379025599
2025-06-15,censoring,6.079686209744013
2025-06-16,non-censoring,94.01155132232243
2025-06-16,censoring,5.988448677677576
2025-06-17,non-censoring,94.40826873385014
2025-06-17,censoring,5.59173126614987
2025-06-18,non-censoring,93.40285167056821
2025-06-18,censoring,6.5971483294317945
2025-06-19,non-censoring,93.85198441941257
2025-06-19,censoring,6.14801558058743
2025-06-20,non-censoring,96.39287765651923
2025-06-20,censoring,3.6071223434807584
2025-06-21,non-censoring,93.08522114347358
2025-06-21,censoring,6.914778856526429
2025-06-22,non-censoring,93.550826401642
2025-06-22,censoring,6.449173598357999
2025-06-23,non-censoring,93.60236220472441
2025-06-23,censoring,6.397637795275591
2025-06-24,non-censoring,96.16743980561078
2025-06-24,censoring,3.8325601943892202
2025-06-25,non-censoring,96.54359780047133
2025-06-25,censoring,3.456402199528672
2025-06-26,non-censoring,96.80969319697643
2025-06-26,censoring,3.190306803023566
2025-06-27,non-censoring,96.67703934207601
2025-06-27,censoring,3.322960657923983
2025-06-28,non-censoring,96.90007694844455
2025-06-28,censoring,3.0999230515554577
2025-06-29,non-censoring,96.68924003009782
2025-06-29,censoring,3.310759969902182
2025-06-30,non-censoring,96.46326013513513
2025-06-30,censoring,3.536739864864865
2025-07-01,non-censoring,96.71990567048987
2025-07-01,censoring,3.2800943295101295
2025-07-02,non-censoring,95.95926768497455
2025-07-02,censoring,4.0407323150254575
2025-07-03,non-censoring,95.34833170307576
2025-07-03,censoring,4.651668296924248
2025-07-04,non-censoring,95.51434116885918
2025-07-04,censoring,4.485658831140824
2025-07-05,non-censoring,96.98732599210472
2025-07-05,censoring,3.0126740078952836
2025-07-06,non-censoring,97.13325632678777
2025-07-06,censoring,2.8667436732122233
2025-07-07,non-censoring,96.90344178261324
2025-07-07,censoring,3.0965582173867556
2025-07-08,non-censoring,96.56157426999576
2025-07-08,censoring,3.438425730004232
2025-07-09,non-censoring,97.4746936600959
2025-07-09,censoring,2.5253063399041022
2025-07-10,non-censoring,97.17363481228669
2025-07-10,censoring,2.8263651877133107
2025-07-11,non-censoring,97.07068562937805
2025-07-11,censoring,2.9293143706219484
2025-07-12,non-censoring,96.8593633556904
2025-07-12,censoring,3.140636644309592
2025-07-13,non-censoring,97.0316554229372
2025-07-13,censoring,2.968344577062792
2025-07-14,non-censoring,97.81731664425365
2025-07-14,censoring,2.182683355746353
2025-07-15,non-censoring,97.07596143659286
2025-07-15,censoring,2.924038563407141
2025-07-16,non-censoring,97.59542807849903
2025-07-16,censoring,2.4045719215009704
2025-07-17,non-censoring,97.47670401005131
2025-07-17,censoring,2.5232959899486964
2025-07-18,non-censoring,97.23890820950575
2025-07-18,censoring,2.7610917904942562
2025-07-19,non-censoring,97.21894126489853
2025-07-19,censoring,2.781058735101471
2025-07-20,non-censoring,98.46024929297161
2025-07-20,censoring,1.5397507070283858
2025-07-21,non-censoring,97.74349286314022
2025-07-21,censoring,2.2565071368597818
2025-07-22,non-censoring,97.29842495045375
2025-07-22,censoring,2.7015750495462605
2025-07-23,non-censoring,96.73154220435795
2025-07-23,censoring,3.268457795642056
2025-07-24,non-censoring,97.59906512270264
2025-07-24,censoring,2.4009348772973547
2025-07-25,non-censoring,97.96325459317585
2025-07-25,censoring,2.0367454068241466
2025-07-26,non-censoring,98.86175496688742
2025-07-26,censoring,1.1382450331125826
2025-07-27,non-censoring,98.9413762109258
2025-07-27,censoring,1.0586237890742036
2025-07-28,non-censoring,98.89185712872268
2025-07-28,censoring,1.1081428712773325
2025-07-29,non-censoring,98.57372438730414
2025-07-29,censoring,1.4262756126958618
2025-07-30,non-censoring,98.9795918367347
2025-07-30,censoring,1.0204081632653061
2025-07-31,non-censoring,97.85348562426151
2025-07-31,censoring,2.1465143757384797
2025-08-01,non-censoring,97.88050254147885
2025-08-01,censoring,2.1194974585211472
2025-08-02,non-censoring,98.145285935085
2025-08-02,censoring,1.8547140649149922
2025-08-03,non-censoring,97.47196350503707
2025-08-03,censoring,2.528036494962935
2025-08-04,non-censoring,98.34589409807184
2025-08-04,censoring,1.654105901928159
2025-08-05,non-censoring,98.32343360797088
2025-08-05,censoring,1.6765663920291243
2025-08-06,non-censoring,98.51669941060904
2025-08-06,censoring,1.4833005893909628
2025-08-07,non-censoring,98.89148191365229
2025-08-07,censoring,1.1085180863477246
2025-08-08,non-censoring,98.47428894330382
2025-08-08,censoring,1.5257110566961762
2025-08-09,non-censoring,98.83327060594655
2025-08-09,censoring,1.1667293940534438
2025-08-10,non-censoring,98.62733644859813
2025-08-10,censoring,1.3726635514018692
2025-08-11,non-censoring,98.45823575331772
2025-08-11,censoring,1.5417642466822794
2025-08-12,non-censoring,98.51042701092354
2025-08-12,censoring,1.4895729890764648
2025-08-13,non-censoring,98.33499501495514
2025-08-13,censoring,1.6650049850448652
2025-08-14,non-censoring,99.10443995963672
2025-08-14,censoring,0.8955600403632694
2025-08-15,non-censoring,99.15752875100294
2025-08-15,censoring,0.842471248997058
